players_id,games_id,id,competitions_id,clubs_id,goals,assists,minutes_played,yellow_cards,red_cards
62026,2469414,2469414_62026,DK1,1177,0,0,90,0,0
62026,2469422,2469422_62026,DK1,1177,0,0,90,0,0
44717,2469414,2469414_44717,DK1,1177,0,0,83,0,0
44717,2469422,2469422_44717,DK1,1177,0,0,90,0,0
155617,2469414,2469414_155617,DK1,1177,0,0,90,0,0
155617,2469422,2469422_155617,DK1,1177,0,0,90,0,0
23389,2469197,2469197_23389,ELQ,1101,0,0,90,0,0
23389,2473643,2473643_23389,ELQ,1101,0,0,104,0,0
23389,2479047,2479047_23389,ELQ,1101,0,0,36,0,0
83882,2469413,2469413_83882,DK1,5818,0,1,35,0,0
234375,2469413,2469413_234375,DK1,5818,0,0,55,0,0
234375,2469420,2469420_234375,DK1,5818,0,0,90,0,0
89188,2469413,2469413_89188,DK1,5818,2,0,90,0,0
83882,2469420,2469420_83882,DK1,5818,0,0,37,0,0
89188,2469420,2469420_89188,DK1,5818,0,0,90,0,0
48868,2469413,2469413_48868,DK1,5818,0,1,68,1,0
110271,2469413,2469413_110271,DK1,5818,0,0,90,0,0
48868,2469420,2469420_48868,DK1,5818,0,0,53,0,0
110271,2469420,2469420_110271,DK1,5818,0,0,70,0,0
22902,2469413,2469413_22902,DK1,5818,0,0,22,0,0
22902,2469420,2469420_22902,DK1,5818,0,0,20,0,0
62402,2469413,2469413_62402,DK1,5818,0,0,81,0,0
62402,2469420,2469420_62402,DK1,5818,1,0,90,0,0
40023,2469413,2469413_40023,DK1,5818,0,0,90,0,0
22519,2479066,2479066_22519,ELQ,206,0,0,76,0,0
40023,2469420,2469420_40023,DK1,5818,0,0,88,0,0
22519,2469415,2469415_22519,DK1,206,0,0,11,0,0
22519,2469422,2469422_22519,DK1,206,0,0,30,0,0
136142,2460507,2460507_136142,ELQ,271,0,0,80,0,0
136142,2460545,2460545_136142,ELQ,271,0,0,90,0,0
136142,2469206,2469206_136142,ELQ,271,0,0,90,1,0
136142,2473664,2473664_136142,ELQ,271,0,1,90,1,0
14962,2469414,2469414_14962,DK1,1177,0,0,12,0,0
14962,2469422,2469422_14962,DK1,1177,0,0,45,0,0
48897,2469414,2469414_48897,DK1,1177,0,0,7,0,0
48897,2469422,2469422_48897,DK1,1177,0,0,19,0,0
47769,2469414,2469414_47769,DK1,1177,0,0,78,0,0
47769,2469422,2469422_47769,DK1,1177,0,0,45,0,0
77259,2469411,2469411_77259,DK1,2778,0,0,90,0,0
98215,2469413,2469413_98215,DK1,5818,0,0,90,0,0
98215,2469420,2469420_98215,DK1,5818,0,0,90,0,0
103433,2469413,2469413_103433,DK1,5818,0,0,90,0,0
103433,2469420,2469420_103433,DK1,5818,0,0,90,0,0
15049,2469413,2469413_15049,DK1,5818,0,0,9,0,0
15049,2469420,2469420_15049,DK1,5818,0,0,2,0,0
20841,2469413,2469413_20841,DK1,5818,0,0,90,0,0
103128,2469413,2469413_103128,DK1,5818,0,0,90,0,0
20841,2469420,2469420_20841,DK1,5818,0,0,90,1,0
103128,2469420,2469420_103128,DK1,5818,0,0,90,1,0
141344,2460606,2460606_141344,CLQ,1189,0,0,5,0,0
141344,2460620,2460620_141344,CLQ,1189,0,0,17,0,0
62678,2469413,2469413_62678,DK1,5818,0,0,90,0,0
62678,2469420,2469420_62678,DK1,5818,0,0,90,0,0
182284,2469414,2469414_182284,DK1,1177,0,0,90,0,0
20843,2469414,2469414_20843,DK1,1177,0,0,90,0,0
182284,2469422,2469422_182284,DK1,1177,0,0,71,0,0
20843,2469422,2469422_20843,DK1,1177,0,0,90,0,0
265040,2469414,2469414_265040,DK1,1177,0,0,90,0,0
265040,2469422,2469422_265040,DK1,1177,0,0,90,0,0
89197,2469414,2469414_89197,DK1,1177,0,0,90,0,0
89197,2469422,2469422_89197,DK1,1177,0,0,90,0,0
37227,2469414,2469414_37227,DK1,1177,0,0,90,0,0
37227,2469422,2469422_37227,DK1,1177,0,0,90,0,0
46004,2469414,2469414_46004,DK1,1177,0,0,40,0,0
46004,2469422,2469422_46004,DK1,1177,0,0,4,0,0
22495,2469414,2469414_22495,DK1,1177,0,0,50,0,0
22495,2469422,2469422_22495,DK1,1177,0,0,86,0,0
15125,2469414,2469414_15125,DK1,1177,0,0,90,0,0
15125,2469422,2469422_15125,DK1,1177,0,0,90,0,0
47571,2460577,2460577_47571,ELQ,7769,0,0,58,0,0
47571,2460584,2460584_47571,ELQ,7769,0,0,69,0,0
47571,2479057,2479057_47571,ELQ,7769,0,0,55,0,0
53228,2460598,2460598_53228,CLQ,713,0,0,70,0,0
53228,2460612,2460612_53228,CLQ,713,1,0,62,1,0
53228,2478423,2478423_53228,CLQ,713,0,0,90,0,0
349917,3376111,3376111_349917,RUP,19958,0,0,90,0,0
349917,3283404,3283404_349917,RUP,19958,0,0,90,1,0
78332,2469212,2469212_78332,ELQ,10695,0,0,77,0,0
78332,2473645,2473645_78332,ELQ,10695,1,0,85,0,0
78332,2479062,2479062_78332,ELQ,10695,0,1,90,0,0
94922,2477177,2477177_94922,UKR1,6993,0,0,90,0,0
44084,2460600,2460600_44084,CLQ,10157,0,0,90,0,0
44084,2460613,2460613_44084,CLQ,10157,0,0,90,0,0
44084,2478424,2478424_44084,CLQ,10157,1,0,90,0,0
27017,2460509,2460509_27017,ELQ,10482,0,0,90,0,0
27017,2460547,2460547_27017,ELQ,10482,0,0,90,0,0
27017,2469189,2469189_27017,ELQ,10482,0,0,90,0,0
27017,2473673,2473673_27017,ELQ,10482,0,0,90,0,0
153735,2460508,2460508_153735,ELQ,18506,1,0,90,0,0
153735,2460546,2460546_153735,ELQ,18506,1,0,90,0,0
153735,2469209,2469209_153735,ELQ,18506,0,0,90,0,0
153735,2473637,2473637_153735,ELQ,18506,0,0,58,1,0
153735,2479050,2479050_153735,ELQ,18506,0,0,90,0,0
162569,2479052,2479052_162569,ELQ,416,0,0,20,0,0
46415,2460608,2460608_46415,CLQ,419,0,1,90,1,0
46415,2478434,2478434_46415,CLQ,419,0,0,45,0,0
87162,2479066,2479066_87162,ELQ,206,0,0,90,0,0
87162,2469415,2469415_87162,DK1,206,1,0,90,1,0
87162,2469422,2469422_87162,DK1,206,0,0,90,0,0
23345,2479052,2479052_23345,ELQ,416,1,0,70,0,0
167501,2479067,2479067_167501,ELQ,3060,0,0,22,0,0
47513,2469188,2469188_47513,ELQ,144,0,0,57,0,0
47513,2473666,2473666_47513,ELQ,144,0,0,69,1,0
47513,2479061,2479061_47513,ELQ,144,0,0,68,0,0
73846,2478430,2478430_73846,CLQ,3057,0,0,29,0,0
87463,2479052,2479052_87463,ELQ,416,2,0,90,0,0
63899,2465477,2465477_63899,CLQ,197,0,2,69,0,0
63899,2478421,2478421_63899,CLQ,197,0,1,90,1,0
55978,2460600,2460600_55978,CLQ,663,0,0,66,0,0
55978,2460613,2460613_55978,CLQ,663,0,0,63,0,0
55976,2460600,2460600_55976,CLQ,663,0,0,90,0,0
55976,2460613,2460613_55976,CLQ,663,0,0,90,1,0
17976,2469193,2469193_17976,ELQ,829,0,0,82,0,0
73097,2479052,2479052_73097,ELQ,416,0,0,84,0,0
22203,2479052,2479052_22203,ELQ,416,0,1,90,0,0
201040,2479052,2479052_201040,ELQ,416,0,0,16,0,0
42345,2479052,2479052_42345,ELQ,416,0,1,62,0,1
113045,2479052,2479052_113045,ELQ,416,0,0,6,0,0
21972,2479052,2479052_21972,ELQ,416,0,0,90,0,0
5946,2479052,2479052_5946,ELQ,416,0,1,90,0,0
5755,2479052,2479052_5755,ELQ,416,0,0,90,0,0
46552,2479052,2479052_46552,ELQ,416,0,0,90,0,0
27807,2479052,2479052_27807,ELQ,416,0,0,90,0,0
145602,2479066,2479066_145602,ELQ,2282,1,0,83,0,0
145602,2469867,2469867_145602,BE1,2282,1,0,90,0,0
79642,2479065,2479065_79642,ELQ,39,1,0,90,0,0
75446,2469198,2469198_75446,ELQ,6676,0,0,90,0,0
75446,2460581,2460581_75446,ELQ,6676,2,0,90,0,0
75446,2479065,2479065_75446,ELQ,6676,0,0,90,0,0
85352,2479065,2479065_85352,ELQ,39,0,0,90,0,0
55519,2479065,2479065_55519,ELQ,39,0,0,90,0,0
91841,2479065,2479065_91841,ELQ,39,0,1,78,0,0
15045,2479065,2479065_15045,ELQ,39,0,0,12,0,0
34787,2479065,2479065_34787,ELQ,39,0,0,62,0,0
89650,2479065,2479065_89650,ELQ,39,0,0,90,0,0
43984,2479065,2479065_43984,ELQ,39,0,0,28,0,0
50577,2478427,2478427_50577,CLQ,190,0,0,90,0,0
50577,2469414,2469414_50577,DK1,190,0,0,90,0,0
50577,2469419,2469419_50577,DK1,190,0,1,90,0,0
111900,2479065,2479065_111900,ELQ,39,0,0,70,0,0
40429,2479065,2479065_40429,ELQ,39,0,0,90,0,0
35383,2479065,2479065_35383,ELQ,39,0,0,20,0,0
82350,2479065,2479065_82350,ELQ,39,0,0,90,0,0
85864,2479065,2479065_85864,ELQ,39,0,0,90,0,0
127826,2479067,2479067_127826,ELQ,3060,0,0,90,0,0
43518,2479067,2479067_43518,ELQ,3060,0,0,61,0,0
25841,2479067,2479067_25841,ELQ,3060,0,0,68,1,0
96817,2479067,2479067_96817,ELQ,3060,0,1,29,1,0
58697,2479067,2479067_58697,ELQ,3060,0,1,90,0,0
51984,2479067,2479067_51984,ELQ,3060,0,0,90,0,0
1139,2479065,2479065_1139,ELQ,39,0,0,90,1,0
98101,2479052,2479052_98101,ELQ,416,0,0,74,0,0
45858,2479051,2479051_45858,ELQ,121,0,0,54,0,0
55143,2469198,2469198_55143,ELQ,6676,0,0,90,0,0
55143,2460581,2460581_55143,ELQ,6676,0,0,69,0,0
133542,2460581,2460581_133542,ELQ,6676,0,1,75,0,0
133542,2479065,2479065_133542,ELQ,6676,0,0,90,0,0
162571,2469198,2469198_162571,ELQ,6676,0,0,65,0,0
162571,2460581,2460581_162571,ELQ,6676,1,0,18,0,0
67235,2469198,2469198_67235,ELQ,6676,0,1,73,0,0
67235,2460581,2460581_67235,ELQ,6676,0,0,90,0,0
67235,2479065,2479065_67235,ELQ,6676,0,0,64,0,0
42732,2479065,2479065_42732,ELQ,6676,0,0,12,0,0
127236,2469198,2469198_127236,ELQ,6676,0,0,17,0,0
127236,2460581,2460581_127236,ELQ,6676,0,0,15,0,0
127236,2479065,2479065_127236,ELQ,6676,0,0,72,0,0
29073,2469198,2469198_29073,ELQ,6676,0,0,90,0,0
29073,2460581,2460581_29073,ELQ,6676,0,0,90,1,0
5336,2479065,2479065_5336,ELQ,6676,0,0,18,0,0
157543,2469198,2469198_157543,ELQ,6676,0,0,90,0,0
157543,2460581,2460581_157543,ELQ,6676,1,0,72,0,0
157543,2479065,2479065_157543,ELQ,6676,0,0,90,0,0
27494,2469198,2469198_27494,ELQ,6676,0,0,1,0,0
27494,2479065,2479065_27494,ELQ,6676,0,0,90,0,0
99691,2469198,2469198_99691,ELQ,6676,0,0,90,1,0
99691,2460581,2460581_99691,ELQ,6676,0,0,90,0,0
99691,2479065,2479065_99691,ELQ,6676,0,0,90,0,0
52045,2469198,2469198_52045,ELQ,6676,0,0,90,1,0
52045,2460581,2460581_52045,ELQ,6676,0,0,90,0,0
52045,2479065,2479065_52045,ELQ,6676,0,0,90,0,0
34756,2469198,2469198_34756,ELQ,6676,0,0,90,0,0
34756,2460581,2460581_34756,ELQ,6676,0,0,90,0,0
34756,2479065,2479065_34756,ELQ,6676,0,0,90,1,0
51288,2469198,2469198_51288,ELQ,6676,1,0,90,0,0
51288,2460581,2460581_51288,ELQ,6676,0,0,90,0,0
51288,2479065,2479065_51288,ELQ,6676,0,0,26,0,0
24226,2469198,2469198_24226,ELQ,6676,0,0,90,0,0
24226,2460581,2460581_24226,ELQ,6676,0,0,90,0,0
139546,2479065,2479065_139546,ELQ,6676,0,0,90,0,0
124025,2469198,2469198_124025,ELQ,6676,0,0,25,1,0
124025,2460581,2460581_124025,ELQ,6676,0,1,21,0,0
124025,2479065,2479065_124025,ELQ,6676,0,0,78,0,0
74300,2469872,2469872_74300,BE1,58,0,0,69,0,0
74300,2639088,2639088_74300,BESC,58,0,0,90,0,0
96454,2479066,2479066_96454,ELQ,2282,0,2,90,1,0
96454,2469867,2469867_96454,BE1,2282,0,0,15,0,0
111061,2469873,2469873_111061,BE1,601,0,0,90,0,0
122945,2479513,2479513_122945,POCP,976,0,0,73,0,0
122945,2479521,2479521_122945,POCP,976,0,0,90,1,0
120501,2479059,2479059_120501,ELQ,24326,0,0,12,0,0
159003,2479067,2479067_159003,ELQ,3060,0,0,1,0,0
22810,2479067,2479067_22810,ELQ,3060,1,0,90,0,0
30428,2479067,2479067_30428,ELQ,3060,0,0,90,0,0
3201,2479067,2479067_3201,ELQ,3060,0,0,90,1,0
18927,2479067,2479067_18927,ELQ,3060,1,0,90,0,0
34289,2479067,2479067_34289,ELQ,3060,0,0,90,0,0
17232,2479067,2479067_17232,ELQ,3060,0,0,90,0,0
75287,2470812,2470812_75287,RUSS,2410,1,1,90,0,0
63487,2478430,2478430_63487,CLQ,265,0,0,19,0,0
2874,2478430,2478430_2874,CLQ,265,0,0,64,0,0
173589,2478430,2478430_173589,CLQ,265,0,0,5,0,0
30418,2478430,2478430_30418,CLQ,265,0,0,90,1,0
131664,2478430,2478430_131664,CLQ,265,0,0,85,0,0
131161,2478430,2478430_131161,CLQ,265,0,0,90,0,0
68418,2478430,2478430_68418,CLQ,265,0,0,90,1,0
16913,2478430,2478430_16913,CLQ,265,0,0,71,1,0
25617,2478430,2478430_25617,CLQ,265,0,0,26,0,0
58018,2478430,2478430_58018,CLQ,265,0,0,90,0,0
96452,2478430,2478430_96452,CLQ,265,0,0,90,0,0
185691,2478430,2478430_185691,CLQ,265,0,0,90,0,0
9698,2478430,2478430_9698,CLQ,265,0,0,90,0,0
38870,2478430,2478430_38870,CLQ,265,0,0,90,0,0
156617,2460608,2460608_156617,CLQ,419,0,0,90,1,0
156617,2460622,2460622_156617,CLQ,419,0,0,67,1,0
156617,2478434,2478434_156617,CLQ,419,1,0,90,0,0
133829,2460511,2460511_133829,ELQ,420,1,0,90,0,0
133829,2460549,2460549_133829,ELQ,420,0,0,90,0,0
133829,2469210,2469210_133829,ELQ,420,0,0,90,0,0
133829,2473639,2473639_133829,ELQ,420,0,0,90,1,0
133829,2479063,2479063_133829,ELQ,420,0,0,90,0,0
47389,2469210,2469210_47389,ELQ,420,0,0,90,0,0
47389,2473639,2473639_47389,ELQ,420,0,0,90,0,0
47389,2479063,2479063_47389,ELQ,420,0,0,90,0,0
216597,2470374,2470374_216597,ELQ,20,0,0,40,0,0
251106,2469211,2469211_251106,ELQ,20,0,0,34,1,0
251106,2470374,2470374_251106,ELQ,20,0,0,80,0,0
83886,2469211,2469211_83886,ELQ,20,0,0,56,1,0
37899,2469211,2469211_37899,ELQ,20,0,0,45,0,0
56386,2469211,2469211_56386,ELQ,20,0,0,90,0,0
56386,2470374,2470374_56386,ELQ,20,0,0,120,1,0
45168,2469211,2469211_45168,ELQ,20,0,0,90,0,0
45168,2470374,2470374_45168,ELQ,20,0,0,120,0,0
114143,2469211,2469211_114143,ELQ,20,0,0,82,1,0
114143,2470374,2470374_114143,ELQ,20,0,0,53,0,0
26460,2469211,2469211_26460,ELQ,20,0,0,90,0,0
58602,2470375,2470375_58602,CLQ,114,1,0,90,0,0
45671,2470375,2470375_45671,CLQ,114,0,0,1,0,0
40205,2470375,2470375_40205,CLQ,114,0,0,31,0,0
36200,2470375,2470375_36200,CLQ,114,0,0,75,0,0
146844,2470375,2470375_146844,CLQ,114,1,0,89,1,0
16101,2470375,2470375_16101,CLQ,114,0,0,90,1,0
77966,2470375,2470375_77966,CLQ,114,0,1,59,0,0
77710,2470375,2470375_77710,CLQ,114,0,0,90,0,0
35275,2470375,2470375_35275,CLQ,114,0,0,90,1,0
74641,2470375,2470375_74641,CLQ,114,0,0,15,0,0
55270,2470375,2470375_55270,CLQ,114,0,0,90,1,0
171376,2473648,2473648_171376,ELQ,272,0,0,90,0,0
171376,2479045,2479045_171376,ELQ,272,0,0,90,1,0
118998,2470375,2470375_118998,CLQ,114,0,0,90,0,0
44982,2470375,2470375_44982,CLQ,114,0,0,90,0,0
16816,2470375,2470375_16816,CLQ,114,0,0,90,0,0
236471,2469211,2469211_236471,ELQ,20,0,0,8,0,0
30476,2470374,2470374_30476,ELQ,20,0,0,120,0,0
236471,2470374,2470374_236471,ELQ,20,0,0,67,0,0
169873,2469211,2469211_169873,ELQ,20,0,0,90,0,0
169873,2470374,2470374_169873,ELQ,20,0,0,94,2,0
56640,2469211,2469211_56640,ELQ,20,0,0,45,0,0
56640,2470374,2470374_56640,ELQ,20,0,0,120,0,0
58660,2469211,2469211_58660,ELQ,20,0,0,90,0,0
136834,2469211,2469211_136834,ELQ,20,0,0,90,0,0
58660,2470374,2470374_58660,ELQ,20,0,0,120,0,0
136834,2470374,2470374_136834,ELQ,20,0,0,120,0,0
30757,2469211,2469211_30757,ELQ,20,0,0,90,0,0
30757,2470374,2470374_30757,ELQ,20,0,0,120,0,0
85213,2469211,2469211_85213,ELQ,20,0,0,90,0,0
85213,2470374,2470374_85213,ELQ,20,0,0,120,0,0
44726,2478434,2478434_44726,CLQ,1053,0,0,90,0,0
44726,2469412,2469412_44726,DK1,1053,0,0,82,0,0
44726,2469418,2469418_44726,DK1,1053,1,1,90,0,0
155960,2478434,2478434_155960,CLQ,1053,0,0,73,0,0
155960,2469412,2469412_155960,DK1,1053,0,0,68,0,0
155960,2469418,2469418_155960,DK1,1053,0,0,64,0,0
102132,2478434,2478434_102132,CLQ,1053,0,0,17,0,0
102132,2469412,2469412_102132,DK1,1053,0,0,22,0,0
102132,2469418,2469418_102132,DK1,1053,1,0,26,0,0
37221,2478434,2478434_37221,CLQ,1053,0,0,73,0,0
37221,2469412,2469412_37221,DK1,1053,0,0,75,0,0
37221,2469418,2469418_37221,DK1,1053,0,0,74,1,0
222972,2478434,2478434_222972,CLQ,1053,0,0,17,0,0
222972,2469418,2469418_222972,DK1,1053,0,0,10,0,0
309414,2469418,2469418_309414,DK1,1053,0,0,80,0,0
229797,2469412,2469412_229797,DK1,1053,0,0,15,0,0
15128,2478434,2478434_15128,CLQ,1053,0,0,45,0,0
15128,2469412,2469412_15128,DK1,1053,0,0,90,0,0
15128,2469418,2469418_15128,DK1,1053,0,0,90,0,0
15118,2478434,2478434_15118,CLQ,1053,0,0,90,0,0
15118,2469412,2469412_15118,DK1,1053,0,0,90,1,0
15118,2469418,2469418_15118,DK1,1053,0,0,90,0,0
201497,2478434,2478434_201497,CLQ,1053,0,0,45,0,0
102142,2478434,2478434_102142,CLQ,1053,0,0,90,0,0
102142,2469412,2469412_102142,DK1,1053,0,0,90,0,0
102142,2469418,2469418_102142,DK1,1053,0,0,16,0,0
37222,2478434,2478434_37222,CLQ,1053,0,0,90,0,0
37222,2469412,2469412_37222,DK1,1053,0,0,90,0,0
37222,2469418,2469418_37222,DK1,1053,0,0,90,0,0
39373,2469413,2469413_39373,DK1,173,0,0,90,0,0
39373,2469417,2469417_39373,DK1,173,0,0,78,0,0
99106,2469413,2469413_99106,DK1,173,0,0,90,0,0
213265,2469417,2469417_213265,DK1,173,0,0,67,0,0
99106,2469417,2469417_99106,DK1,173,1,0,90,0,0
237436,2469417,2469417_237436,DK1,173,0,0,12,0,0
20854,2469413,2469413_20854,DK1,173,0,0,90,1,0
20854,2469417,2469417_20854,DK1,173,0,0,45,0,0
70544,2469413,2469413_70544,DK1,173,0,0,77,0,0
70544,2469417,2469417_70544,DK1,173,0,0,90,0,0
43010,2469413,2469413_43010,DK1,173,0,0,90,0,0
43010,2469417,2469417_43010,DK1,173,0,0,90,0,0
42948,2469413,2469413_42948,DK1,173,0,1,90,0,0
42948,2469417,2469417_42948,DK1,173,0,0,90,0,0
93687,2469413,2469413_93687,DK1,173,0,0,45,0,0
89200,2469413,2469413_89200,DK1,173,0,0,90,0,0
89200,2469417,2469417_89200,DK1,173,0,0,23,0,0
106039,2469413,2469413_106039,DK1,173,0,0,13,0,0
161244,2469417,2469417_161244,DK1,173,0,0,90,0,0
91851,2478427,2478427_91851,CLQ,190,0,0,71,0,0
91851,2469414,2469414_91851,DK1,190,0,0,58,0,0
91851,2469419,2469419_91851,DK1,190,0,0,24,0,0
203412,2478427,2478427_203412,CLQ,190,0,0,90,0,0
203412,2469414,2469414_203412,DK1,190,0,0,90,0,0
203412,2469419,2469419_203412,DK1,190,0,0,90,0,0
100399,2478427,2478427_100399,CLQ,190,0,0,86,0,0
100399,2469414,2469414_100399,DK1,190,0,0,90,0,0
100399,2469419,2469419_100399,DK1,190,1,0,66,0,0
135215,2478427,2478427_135215,CLQ,190,0,0,78,0,0
135215,2469419,2469419_135215,DK1,190,0,1,90,0,0
164658,2478427,2478427_164658,CLQ,190,0,0,12,0,0
164658,2469414,2469414_164658,DK1,190,0,0,45,0,0
164658,2469419,2469419_164658,DK1,190,0,0,80,0,0
41818,2478427,2478427_41818,CLQ,190,0,0,4,0,0
41818,2469414,2469414_41818,DK1,190,0,0,70,1,0
41818,2469419,2469419_41818,DK1,190,0,0,62,0,0
272855,2469415,2469415_272855,DK1,865,1,0,8,0,0
272855,2469418,2469418_272855,DK1,865,0,0,16,1,0
204143,2469412,2469412_204143,DK1,1053,0,0,8,0,0
23538,2469411,2469411_23538,DK1,2778,0,0,33,0,0
44573,2469411,2469411_44573,DK1,2778,1,0,90,0,0
23538,2469419,2469419_23538,DK1,2778,0,0,25,1,0
44573,2469419,2469419_44573,DK1,2778,1,0,25,0,0
94939,2469411,2469411_94939,DK1,2778,2,0,90,0,0
94939,2469419,2469419_94939,DK1,2778,0,0,90,0,0
60312,2469419,2469419_60312,DK1,2778,0,0,74,0,0
232964,2469411,2469411_232964,DK1,2778,0,0,15,0,0
232964,2469419,2469419_232964,DK1,2778,0,0,16,0,0
23592,2469411,2469411_23592,DK1,2778,0,1,90,0,0
23592,2469419,2469419_23592,DK1,2778,0,0,90,0,0
66638,2469411,2469411_66638,DK1,2778,0,0,57,0,0
66638,2469419,2469419_66638,DK1,2778,0,0,90,0,0
19058,2469411,2469411_19058,DK1,2778,0,1,90,0,0
19058,2469419,2469419_19058,DK1,2778,0,0,90,0,0
253206,2469411,2469411_253206,DK1,2778,0,1,90,0,0
253206,2469419,2469419_253206,DK1,2778,0,0,90,0,0
253664,2469411,2469411_253664,DK1,2778,0,0,90,0,0
253664,2469419,2469419_253664,DK1,2778,0,0,90,0,0
78819,2469411,2469411_78819,DK1,2778,0,0,90,0,0
78819,2469419,2469419_78819,DK1,2778,0,0,90,0,0
48052,2473673,2473673_48052,ELQ,3426,0,0,62,0,0
45219,2469415,2469415_45219,DK1,865,1,0,90,0,0
45219,2469418,2469418_45219,DK1,865,0,0,90,1,0
48052,2479049,2479049_48052,ELQ,3426,0,0,90,0,0
48052,2469416,2469416_48052,DK1,3426,0,0,27,0,0
48052,2469421,2469421_48052,DK1,3426,1,0,35,1,0
102043,2469415,2469415_102043,DK1,865,0,1,90,0,0
102043,2469418,2469418_102043,DK1,865,0,0,90,0,0
140446,2469415,2469415_140446,DK1,865,1,0,45,0,0
140446,2469418,2469418_140446,DK1,865,0,0,64,0,0
252641,2469415,2469415_252641,DK1,865,0,1,90,0,0
252641,2469418,2469418_252641,DK1,865,0,0,90,0,0
23989,2469415,2469415_23989,DK1,865,0,0,20,0,0
20861,2469415,2469415_20861,DK1,865,0,0,90,0,0
20861,2469418,2469418_20861,DK1,865,0,0,26,0,0
218085,2469418,2469418_218085,DK1,865,0,0,74,0,0
13258,2469415,2469415_13258,DK1,865,0,0,25,0,0
13258,2469418,2469418_13258,DK1,865,0,0,90,0,0
22499,2469415,2469415_22499,DK1,865,0,0,90,0,0
22499,2469418,2469418_22499,DK1,865,0,0,16,0,0
102045,2469415,2469415_102045,DK1,865,0,0,82,0,0
102045,2469418,2469418_102045,DK1,865,0,0,74,0,0
48864,2469415,2469415_48864,DK1,865,0,0,90,0,0
48864,2469418,2469418_48864,DK1,865,0,0,90,0,0
186557,2469415,2469415_186557,DK1,865,0,0,90,1,0
186557,2469418,2469418_186557,DK1,865,0,0,90,1,0
22853,2469415,2469415_22853,DK1,865,0,0,90,0,0
22853,2469418,2469418_22853,DK1,865,0,0,90,1,0
138335,2469415,2469415_138335,DK1,865,0,0,90,0,0
138335,2469418,2469418_138335,DK1,865,0,0,90,0,0
91849,2478427,2478427_91849,CLQ,190,0,0,90,0,0
91849,2469419,2469419_91849,DK1,190,0,0,28,0,0
68275,2469414,2469414_68275,DK1,190,0,0,45,1,0
203414,2478427,2478427_203414,CLQ,190,0,0,19,0,0
203414,2469419,2469419_203414,DK1,190,0,0,10,0,0
148361,2469411,2469411_148361,DK1,2778,0,0,75,0,0
148361,2469419,2469419_148361,DK1,2778,0,0,65,0,0
170646,2460572,2460572_170646,ELQ,801,0,0,79,0,0
170646,2469208,2469208_170646,ELQ,801,0,0,90,1,0
170646,2473659,2473659_170646,ELQ,801,0,0,90,1,0
170646,2479056,2479056_170646,ELQ,801,0,0,90,0,0
18100,2478427,2478427_18100,CLQ,190,0,0,90,0,0
18100,2469414,2469414_18100,DK1,190,0,0,90,1,0
18100,2469419,2469419_18100,DK1,190,0,0,90,0,0
24081,2478427,2478427_24081,CLQ,190,0,0,90,0,0
24081,2469414,2469414_24081,DK1,190,0,0,90,1,0
24081,2469419,2469419_24081,DK1,190,0,0,90,0,0
52059,2478427,2478427_52059,CLQ,190,0,0,90,1,0
52059,2469414,2469414_52059,DK1,190,0,0,90,0,0
52059,2469419,2469419_52059,DK1,190,1,0,90,0,0
214056,2478427,2478427_214056,CLQ,190,0,0,90,1,0
214056,2469414,2469414_214056,DK1,190,0,0,90,0,0
214056,2469419,2469419_214056,DK1,190,0,0,90,1,0
17880,2478427,2478427_17880,CLQ,190,0,0,90,0,0
17880,2469414,2469414_17880,DK1,190,0,0,90,0,0
17880,2469419,2469419_17880,DK1,190,0,0,90,0,0
109012,2469411,2469411_109012,DK1,2778,0,0,90,0,0
221873,2469413,2469413_221873,DK1,173,0,0,45,0,0
109012,2469419,2469419_109012,DK1,2778,0,0,90,0,0
99100,2469413,2469413_99100,DK1,173,0,0,70,0,0
99100,2469417,2469417_99100,DK1,173,0,0,45,0,0
95759,2469413,2469413_95759,DK1,173,1,0,20,0,0
107116,2469413,2469413_107116,DK1,173,0,0,90,0,0
95759,2469417,2469417_95759,DK1,173,0,0,90,0,0
107116,2469417,2469417_107116,DK1,173,0,0,90,0,0
264299,2469412,2469412_264299,DK1,5817,0,0,63,0,0
23584,2469413,2469413_23584,DK1,173,0,0,90,0,0
264299,2469421,2469421_264299,DK1,5817,0,0,74,0,0
23584,2469417,2469417_23584,DK1,173,0,0,90,0,0
52117,2469414,2469414_52117,DK1,190,0,0,20,0,0
22831,2469412,2469412_22831,DK1,5817,0,0,90,0,0
221916,2469412,2469412_221916,DK1,5817,0,0,84,0,0
221916,2469421,2469421_221916,DK1,5817,0,0,63,0,0
95431,2469412,2469412_95431,DK1,5817,0,0,90,0,0
95431,2469421,2469421_95431,DK1,5817,0,0,90,0,0
61936,2460618,2460618_61936,CLQ,3237,0,0,90,0,0
61936,2460604,2460604_61936,CLQ,3237,0,0,90,0,0
280066,2469412,2469412_280066,DK1,5817,0,0,90,1,0
280066,2469421,2469421_280066,DK1,5817,0,0,81,0,0
23250,2469412,2469412_23250,DK1,5817,0,0,90,0,0
182305,2469412,2469412_182305,DK1,5817,0,0,6,0,0
23250,2469421,2469421_23250,DK1,5817,0,0,90,0,0
94293,2469412,2469412_94293,DK1,5817,0,0,90,0,0
68976,2469412,2469412_68976,DK1,5817,0,0,90,0,0
94293,2469421,2469421_94293,DK1,5817,0,0,90,1,0
68976,2469421,2469421_68976,DK1,5817,0,1,90,0,0
103428,2469412,2469412_103428,DK1,5817,0,0,90,0,0
103428,2469421,2469421_103428,DK1,5817,0,0,90,0,0
103327,2469412,2469412_103327,DK1,5817,0,0,90,0,0
103327,2469421,2469421_103327,DK1,5817,0,0,90,0,0
27565,2469412,2469412_27565,DK1,5817,0,0,90,0,0
27565,2469421,2469421_27565,DK1,5817,0,0,90,0,0
15961,2469414,2469414_15961,DK1,190,0,0,32,0,0
20844,2469412,2469412_20844,DK1,5817,0,0,1,0,0
20844,2469421,2469421_20844,DK1,5817,0,0,9,0,0
48803,2469412,2469412_48803,DK1,1053,0,0,90,0,0
48803,2469418,2469418_48803,DK1,1053,0,1,90,0,0
22917,2478434,2478434_22917,CLQ,1053,0,0,90,0,0
22917,2469412,2469412_22917,DK1,1053,0,0,90,1,0
22917,2469418,2469418_22917,DK1,1053,0,0,90,0,0
204141,2478434,2478434_204141,CLQ,1053,0,0,90,0,0
129092,2478434,2478434_129092,CLQ,1053,0,0,90,0,0
129092,2469412,2469412_129092,DK1,1053,0,0,90,0,0
129092,2469418,2469418_129092,DK1,1053,0,0,90,0,0
92248,2478434,2478434_92248,CLQ,1053,0,0,90,0,0
92248,2469412,2469412_92248,DK1,1053,0,0,90,0,0
92248,2469418,2469418_92248,DK1,1053,0,0,90,0,0
37290,2469412,2469412_37290,DK1,5817,0,0,27,0,0
37290,2469421,2469421_37290,DK1,5817,0,0,90,0,0
52006,2477408,2477408_52006,ELQ,1506,0,0,15,0,0
157588,2477408,2477408_157588,ELQ,1506,0,0,90,0,0
42941,2477408,2477408_42941,ELQ,1506,0,0,69,0,0
17465,2477408,2477408_17465,ELQ,1506,0,0,21,0,0
89461,2477408,2477408_89461,ELQ,1506,0,0,90,1,0
90937,2477408,2477408_90937,ELQ,1506,0,0,90,0,0
58855,2477408,2477408_58855,ELQ,1506,0,0,90,0,0
56026,2477408,2477408_56026,ELQ,1506,0,0,90,0,0
165711,2477408,2477408_165711,ELQ,1506,0,0,90,0,0
26014,2477408,2477408_26014,ELQ,1506,0,0,90,0,0
55366,2477408,2477408_55366,ELQ,1506,0,0,90,0,0
4391,2477408,2477408_4391,ELQ,1506,0,0,90,0,0
97343,2469189,2469189_97343,ELQ,3426,0,0,24,0,0
77314,2460532,2460532_77314,ELQ,801,0,0,34,0,0
97343,2469416,2469416_97343,DK1,3426,0,0,63,0,0
97343,2469421,2469421_97343,DK1,3426,0,0,55,0,0
77314,2460572,2460572_77314,ELQ,801,0,1,90,0,0
77314,2469208,2469208_77314,ELQ,801,0,0,20,0,0
77314,2473659,2473659_77314,ELQ,801,0,0,11,0,0
89202,2473673,2473673_89202,ELQ,3426,0,0,18,0,0
189053,2469189,2469189_189053,ELQ,3426,0,0,84,1,0
89202,2469421,2469421_89202,DK1,3426,0,0,16,0,0
189053,2479049,2479049_189053,ELQ,3426,0,0,90,0,0
69905,2469189,2469189_69905,ELQ,3426,0,0,66,0,0
148365,2469189,2469189_148365,ELQ,3426,0,0,6,1,0
69905,2473673,2473673_69905,ELQ,3426,0,0,28,0,0
69905,2469416,2469416_69905,DK1,3426,0,0,63,0,0
69905,2469421,2469421_69905,DK1,3426,0,0,90,0,0
148365,2473673,2473673_148365,ELQ,3426,0,0,72,0,0
148365,2479049,2479049_148365,ELQ,3426,0,0,90,0,0
148365,2469416,2469416_148365,DK1,3426,0,0,90,0,0
49488,2469189,2469189_49488,ELQ,3426,1,0,90,1,0
164693,2469189,2469189_164693,ELQ,3426,0,1,90,0,0
49488,2473673,2473673_49488,ELQ,3426,0,0,90,0,0
49488,2479049,2479049_49488,ELQ,3426,0,0,90,0,0
49488,2469416,2469416_49488,DK1,3426,0,0,27,1,0
49488,2469421,2469421_49488,DK1,3426,0,0,74,0,0
164693,2473673,2473673_164693,ELQ,3426,1,0,90,0,0
164693,2479049,2479049_164693,ELQ,3426,0,0,27,0,0
164693,2469416,2469416_164693,DK1,3426,0,0,90,1,0
164693,2469421,2469421_164693,DK1,3426,0,1,90,1,0
276689,2479049,2479049_276689,ELQ,3426,0,0,45,0,0
123639,2460532,2460532_123639,ELQ,801,0,0,90,0,0
123639,2460572,2460572_123639,ELQ,801,1,0,90,0,0
123639,2469208,2469208_123639,ELQ,801,1,0,87,0,0
123639,2473659,2473659_123639,ELQ,801,0,0,90,0,0
123639,2479056,2479056_123639,ELQ,801,0,0,90,0,0
59000,2460577,2460577_59000,ELQ,7769,0,0,90,0,0
59000,2460584,2460584_59000,ELQ,7769,0,0,90,0,0
59000,2479057,2479057_59000,ELQ,7769,0,0,90,0,0
4763,2469421,2469421_4763,DK1,5817,0,0,27,0,0
23410,2469419,2469419_23410,DK1,2778,0,0,65,1,0
3975,2477408,2477408_3975,ELQ,1506,0,0,75,0,0
264576,2469420,2469420_264576,DK1,5724,0,0,8,0,0
75568,2469416,2469416_75568,DK1,5724,1,0,84,0,0
43012,2469416,2469416_43012,DK1,5724,0,0,90,0,0
75568,2469420,2469420_75568,DK1,5724,0,0,82,0,0
43012,2469420,2469420_43012,DK1,5724,1,0,90,0,0
15039,2469416,2469416_15039,DK1,5724,0,0,45,1,0
15039,2469420,2469420_15039,DK1,5724,0,0,75,0,0
95472,2460532,2460532_95472,ELQ,801,0,0,30,0,0
95472,2469208,2469208_95472,ELQ,801,0,0,3,0,0
95472,2473659,2473659_95472,ELQ,801,0,0,90,0,0
50691,2469416,2469416_50691,DK1,5724,0,0,90,1,0
29390,2469416,2469416_29390,DK1,5724,0,1,90,1,0
29390,2469420,2469420_29390,DK1,5724,0,0,90,0,0
50691,2469420,2469420_50691,DK1,5724,1,1,90,0,0
22176,2469416,2469416_22176,DK1,5724,0,0,90,0,0
22176,2469420,2469420_22176,DK1,5724,0,0,90,0,0
253210,2469416,2469416_253210,DK1,5724,0,0,6,0,0
253210,2469420,2469420_253210,DK1,5724,0,0,1,0,0
23111,2469416,2469416_23111,DK1,5724,0,0,90,0,0
23111,2469420,2469420_23111,DK1,5724,0,0,90,0,0
61335,2469416,2469416_61335,DK1,5724,0,0,90,0,0
44423,2469420,2469420_44423,DK1,5724,0,0,15,0,0
61335,2469420,2469420_61335,DK1,5724,0,0,90,0,0
100980,2469416,2469416_100980,DK1,5724,0,0,90,0,0
42366,2469416,2469416_42366,DK1,5724,0,0,90,0,0
100980,2469420,2469420_100980,DK1,5724,0,0,90,0,0
42366,2469420,2469420_42366,DK1,5724,0,0,90,1,0
103444,2460520,2460520_103444,ELQ,3832,0,0,90,0,0
103444,2460559,2460559_103444,ELQ,3832,0,0,90,0,0
112822,2469416,2469416_112822,DK1,5724,0,0,90,0,0
112822,2469420,2469420_112822,DK1,5724,0,0,90,0,0
46010,2479059,2479059_46010,ELQ,24326,0,0,90,1,0
78953,2469416,2469416_78953,DK1,5724,0,0,45,0,0
46972,2460618,2460618_46972,CLQ,371,0,0,15,0,0
46972,2460604,2460604_46972,CLQ,371,2,0,74,0,0
46972,2478433,2478433_46972,CLQ,371,0,1,45,0,0
149579,2479066,2479066_149579,ELQ,206,0,0,14,0,0
149579,2469422,2469422_149579,DK1,206,0,0,60,0,0
217728,2469415,2469415_217728,DK1,206,0,0,65,0,0
148367,2479066,2479066_148367,ELQ,206,0,0,5,0,0
253316,2479066,2479066_253316,ELQ,206,0,0,90,0,0
148367,2469415,2469415_148367,DK1,206,0,0,69,1,0
148367,2469422,2469422_148367,DK1,206,0,0,67,0,0
253316,2469415,2469415_253316,DK1,206,0,0,21,1,0
253316,2469422,2469422_253316,DK1,206,1,0,23,0,0
15052,2479066,2479066_15052,ELQ,206,0,0,90,0,0
135209,2479066,2479066_135209,ELQ,206,0,0,5,0,0
15052,2469415,2469415_15052,DK1,206,0,0,90,0,0
15052,2469422,2469422_15052,DK1,206,0,0,90,0,0
135209,2469415,2469415_135209,DK1,206,0,0,90,0,0
135209,2469422,2469422_135209,DK1,206,0,1,90,0,0
22474,2479066,2479066_22474,ELQ,206,0,0,85,0,0
22474,2469415,2469415_22474,DK1,206,0,1,90,0,0
22474,2469422,2469422_22474,DK1,206,0,0,90,0,0
140678,2469197,2469197_140678,ELQ,1101,0,0,90,1,0
140678,2473643,2473643_140678,ELQ,1101,0,1,71,0,0
140678,2479047,2479047_140678,ELQ,1101,0,1,90,0,0
135208,2479066,2479066_135208,ELQ,206,0,0,90,0,0
135208,2469415,2469415_135208,DK1,206,0,0,90,0,0
135208,2469422,2469422_135208,DK1,206,0,0,90,0,0
197304,2469422,2469422_197304,DK1,206,0,0,9,0,0
14960,2479066,2479066_14960,ELQ,206,0,0,90,0,0
14960,2469415,2469415_14960,DK1,206,0,0,90,0,0
48015,2479066,2479066_48015,ELQ,206,0,0,90,0,0
48015,2469415,2469415_48015,DK1,206,0,0,90,0,0
48015,2469422,2469422_48015,DK1,206,0,0,90,0,0
148345,2469189,2469189_148345,ELQ,3426,0,0,90,0,0
148345,2473673,2473673_148345,ELQ,3426,0,0,90,1,0
148345,2479049,2479049_148345,ELQ,3426,0,0,63,0,0
148345,2469416,2469416_148345,DK1,3426,0,0,90,0,0
148345,2469421,2469421_148345,DK1,3426,0,0,90,0,0
288549,2473673,2473673_288549,ELQ,3426,0,0,23,0,0
288549,2469421,2469421_288549,DK1,3426,0,0,31,0,0
20855,2469189,2469189_20855,ELQ,3426,0,0,90,0,0
20855,2469416,2469416_20855,DK1,3426,0,0,59,0,0
157626,2469189,2469189_157626,ELQ,3426,0,0,90,0,0
157626,2473673,2473673_157626,ELQ,3426,0,0,90,0,0
157626,2479049,2479049_157626,ELQ,3426,0,0,90,0,0
157626,2469416,2469416_157626,DK1,3426,0,0,90,0,0
157626,2469421,2469421_157626,DK1,3426,0,0,90,0,0
144904,2469416,2469416_144904,DK1,3426,0,0,31,0,0
144904,2469421,2469421_144904,DK1,3426,0,0,59,0,0
51529,2479066,2479066_51529,ELQ,206,0,0,90,1,0
139440,2469415,2469415_139440,DK1,206,0,0,79,0,0
139440,2469422,2469422_139440,DK1,206,1,0,81,0,0
68980,2479049,2479049_68980,ELQ,3426,0,0,79,0,0
8421,2469189,2469189_8421,ELQ,3426,0,0,90,0,0
41191,2469189,2469189_41191,ELQ,3426,0,0,90,0,0
8421,2473673,2473673_8421,ELQ,3426,0,0,90,0,0
8421,2479049,2479049_8421,ELQ,3426,0,0,90,0,0
8421,2469416,2469416_8421,DK1,3426,0,0,90,0,0
8421,2469421,2469421_8421,DK1,3426,0,0,90,0,0
41191,2473673,2473673_41191,ELQ,3426,0,0,90,0,0
41191,2479049,2479049_41191,ELQ,3426,0,0,45,0,0
41191,2469416,2469416_41191,DK1,3426,0,0,90,0,0
41191,2469421,2469421_41191,DK1,3426,0,0,90,0,0
74960,2469189,2469189_74960,ELQ,3426,0,0,90,0,0
151582,2479066,2479066_151582,ELQ,206,0,0,85,0,0
74960,2473673,2473673_74960,ELQ,3426,0,0,90,0,0
74960,2479049,2479049_74960,ELQ,3426,0,0,90,0,0
74960,2469416,2469416_74960,DK1,3426,0,0,90,0,0
74960,2469421,2469421_74960,DK1,3426,0,0,90,0,0
151582,2469415,2469415_151582,DK1,206,0,0,25,0,0
151582,2469422,2469422_151582,DK1,206,0,1,90,0,0
22459,2469189,2469189_22459,ELQ,3426,0,0,9,0,0
161137,2469189,2469189_161137,ELQ,3426,0,0,81,0,0
22459,2479049,2479049_22459,ELQ,3426,0,0,90,0,0
161137,2473673,2473673_161137,ELQ,3426,0,0,90,0,0
161137,2479049,2479049_161137,ELQ,3426,0,0,11,1,0
161137,2469416,2469416_161137,DK1,3426,0,0,90,1,0
161137,2469421,2469421_161137,DK1,3426,0,0,90,0,0
193257,2477178,2477178_193257,UKR1,23611,0,0,17,0,0
149614,2460523,2460523_149614,ELQ,370,0,0,1,0,0
37773,2460523,2460523_37773,ELQ,370,2,1,90,1,0
37773,2460562,2460562_37773,ELQ,370,3,0,90,0,0
37773,2469214,2469214_37773,ELQ,370,0,0,75,0,0
37773,2473672,2473672_37773,ELQ,370,1,1,72,0,0
37773,2479068,2479068_37773,ELQ,370,0,0,71,1,0
37677,2469214,2469214_37677,ELQ,370,0,0,15,0,0
158938,2460523,2460523_158938,ELQ,370,0,0,40,0,0
37677,2473672,2473672_37677,ELQ,370,0,0,18,0,0
37677,2479068,2479068_37677,ELQ,370,0,0,19,0,0
158938,2460562,2460562_158938,ELQ,370,0,0,28,0,0
276914,2460523,2460523_276914,ELQ,370,0,1,12,0,0
276914,2460562,2460562_276914,ELQ,370,0,0,10,0,0
68321,2460523,2460523_68321,ELQ,370,1,0,89,0,0
68321,2460562,2460562_68321,ELQ,370,0,0,80,0,0
68321,2469214,2469214_68321,ELQ,370,0,0,90,0,0
68321,2473672,2473672_68321,ELQ,370,1,0,90,0,0
68321,2479068,2479068_68321,ELQ,370,0,0,90,0,0
62170,2460523,2460523_62170,ELQ,370,0,0,50,0,0
62170,2469214,2469214_62170,ELQ,370,0,0,90,0,0
62170,2473672,2473672_62170,ELQ,370,0,0,66,0,0
62170,2479068,2479068_62170,ELQ,370,0,0,62,0,0
161484,2469213,2469213_161484,ELQ,987,0,0,21,0,0
14735,2469213,2469213_14735,ELQ,987,0,1,90,0,0
14963,2473673,2473673_14963,ELQ,3426,0,0,67,0,0
14735,2473671,2473671_14735,ELQ,987,0,0,120,0,0
13493,2469213,2469213_13493,ELQ,987,0,0,69,0,0
13493,2473671,2473671_13493,ELQ,987,1,1,77,0,0
199553,2473671,2473671_199553,ELQ,987,0,0,25,0,0
59328,2469213,2469213_59328,ELQ,987,0,1,90,0,0
59328,2473671,2473671_59328,ELQ,987,0,0,120,0,0
12665,2469213,2469213_12665,ELQ,987,0,0,90,1,0
12665,2473671,2473671_12665,ELQ,987,0,0,120,1,0
45611,2460618,2460618_45611,CLQ,371,0,0,74,0,0
45611,2460604,2460604_45611,CLQ,371,0,0,61,0,0
45611,2478433,2478433_45611,CLQ,371,0,0,15,1,0
35587,2460618,2460618_35587,CLQ,371,0,0,75,0,0
59142,2477178,2477178_59142,UKR1,23611,0,0,73,1,0
164575,2469213,2469213_164575,ELQ,987,0,0,90,0,0
164575,2473671,2473671_164575,ELQ,987,0,0,95,1,0
124495,2469869,2469869_124495,BE1,204,0,0,1,0,0
62457,2469411,2469411_62457,DK1,20100,1,0,90,0,0
62457,2469417,2469417_62457,DK1,20100,1,0,90,0,0
161617,2469411,2469411_161617,DK1,20100,0,0,6,0,0
73323,2478433,2478433_73323,CLQ,371,0,0,63,0,0
161617,2469417,2469417_161617,DK1,20100,1,0,60,0,0
23496,2469411,2469411_23496,DK1,20100,0,0,2,0,0
23076,2469411,2469411_23076,DK1,20100,0,0,63,0,0
23076,2469417,2469417_23076,DK1,20100,0,0,74,0,0
71701,2469411,2469411_71701,DK1,20100,0,0,90,1,0
126610,2469411,2469411_126610,DK1,20100,0,1,84,0,0
71701,2469417,2469417_71701,DK1,20100,0,0,90,0,0
22515,2469411,2469411_22515,DK1,20100,0,0,90,0,0
22515,2469417,2469417_22515,DK1,20100,0,1,87,1,0
37623,2469417,2469417_37623,DK1,20100,0,0,3,0,0
58933,2477177,2477177_58933,UKR1,4482,0,0,45,0,0
97808,2477177,2477177_97808,UKR1,4482,0,0,20,0,0
23201,2469411,2469411_23201,DK1,20100,0,1,90,0,0
23201,2469417,2469417_23201,DK1,20100,0,1,90,0,0
46504,2477177,2477177_46504,UKR1,4482,1,0,90,0,0
278857,2477177,2477177_278857,UKR1,4482,0,0,45,0,0
156137,2477177,2477177_156137,UKR1,4482,0,0,45,1,0
56698,2477177,2477177_56698,UKR1,4482,0,0,90,0,0
57901,2477176,2477176_57901,UKR1,2783,0,0,90,0,0
94928,2477177,2477177_94928,UKR1,4482,1,0,90,0,0
58606,2478427,2478427_58606,CLQ,339,0,0,90,0,0
58606,2477176,2477176_58606,UKR1,339,0,0,8,0,0
82599,2477177,2477177_82599,UKR1,4482,0,0,70,0,0
45343,2477177,2477177_45343,UKR1,4482,0,0,45,0,0
114658,2477177,2477177_114658,UKR1,4482,0,0,90,0,0
20853,2469411,2469411_20853,DK1,20100,0,0,88,0,0
20853,2469417,2469417_20853,DK1,20100,0,0,90,0,0
22898,2469411,2469411_22898,DK1,20100,0,0,90,0,0
22898,2469417,2469417_22898,DK1,20100,0,0,90,0,0
96006,2469417,2469417_96006,DK1,20100,0,0,30,0,0
139943,2477177,2477177_139943,UKR1,4482,0,0,90,0,0
88879,2477177,2477177_88879,UKR1,4482,0,0,90,0,0
78576,2469411,2469411_78576,DK1,20100,0,0,90,0,0
78576,2469417,2469417_78576,DK1,20100,0,0,90,0,0
23523,2469411,2469411_23523,DK1,20100,0,0,90,0,0
23523,2469417,2469417_23523,DK1,20100,0,0,90,1,0
60979,2469190,2469190_60979,ELQ,10690,1,1,90,0,0
99863,2473661,2473661_99863,ELQ,10690,1,0,90,0,0
99863,2479058,2479058_99863,ELQ,10690,0,0,45,0,0
99863,2477182,2477182_99863,UKR1,10690,0,0,45,0,0
203074,2473661,2473661_203074,ELQ,10690,0,0,61,0,0
203074,2477182,2477182_203074,UKR1,10690,0,0,14,0,0
37303,2469190,2469190_37303,ELQ,10690,1,0,60,0,0
37303,2473661,2473661_37303,ELQ,10690,0,1,45,0,0
37303,2479058,2479058_37303,ELQ,10690,0,0,45,0,0
37303,2477182,2477182_37303,UKR1,10690,1,0,90,0,0
85430,2469190,2469190_85430,ELQ,10690,0,1,30,0,0
207877,2479058,2479058_207877,ELQ,10690,0,0,31,0,0
207877,2477182,2477182_207877,UKR1,10690,0,0,32,1,0
85430,2473661,2473661_85430,ELQ,10690,0,0,45,1,0
59896,2469190,2469190_59896,ELQ,10690,0,0,90,0,0
59896,2473661,2473661_59896,ELQ,10690,0,0,90,0,0
59896,2479058,2479058_59896,ELQ,10690,0,0,90,0,0
59896,2477182,2477182_59896,UKR1,10690,0,0,90,0,0
94923,2469190,2469190_94923,ELQ,10690,0,0,90,0,0
94923,2473661,2473661_94923,ELQ,10690,0,0,90,0,0
94923,2479058,2479058_94923,ELQ,10690,0,0,90,0,0
94923,2477182,2477182_94923,UKR1,10690,0,0,90,1,0
123366,2477177,2477177_123366,UKR1,4482,0,0,90,0,0
43393,2469190,2469190_43393,ELQ,10690,0,0,45,0,0
43393,2473661,2473661_43393,ELQ,10690,0,0,90,1,0
43393,2477182,2477182_43393,UKR1,10690,0,0,90,1,0
86931,2479063,2479063_86931,ELQ,6992,0,0,90,0,0
86931,2477178,2477178_86931,UKR1,6992,0,0,23,0,0
58238,2469190,2469190_58238,ELQ,10690,0,0,90,0,0
58238,2473661,2473661_58238,ELQ,10690,0,0,90,0,0
58238,2479058,2479058_58238,ELQ,10690,1,0,90,0,0
58238,2477182,2477182_58238,UKR1,10690,0,0,90,0,0
59322,2469190,2469190_59322,ELQ,10690,0,1,90,0,0
59322,2473661,2473661_59322,ELQ,10690,0,1,29,0,0
59322,2479058,2479058_59322,ELQ,10690,0,0,75,0,0
59322,2477182,2477182_59322,UKR1,10690,0,0,76,0,0
330574,2469190,2469190_330574,ELQ,10690,0,0,15,1,0
107803,2469190,2469190_107803,ELQ,10690,0,0,90,0,0
107803,2473661,2473661_107803,ELQ,10690,0,0,25,0,0
107803,2479058,2479058_107803,ELQ,10690,0,0,90,0,0
107803,2477182,2477182_107803,UKR1,10690,0,0,90,0,0
59973,2469190,2469190_59973,ELQ,10690,0,0,90,1,0
59973,2473661,2473661_59973,ELQ,10690,0,0,90,1,0
59973,2479058,2479058_59973,ELQ,10690,0,0,90,0,0
59973,2477182,2477182_59973,UKR1,10690,0,0,90,1,0
50346,2479058,2479058_50346,ELQ,10690,0,0,90,0,0
48764,2469411,2469411_48764,DK1,20100,0,0,27,0,0
48764,2469417,2469417_48764,DK1,20100,0,0,16,0,0
80312,2469190,2469190_80312,ELQ,10690,0,0,90,0,0
80312,2473661,2473661_80312,ELQ,10690,0,0,90,0,0
80312,2477182,2477182_80312,UKR1,10690,0,0,90,0,0
13561,2460618,2460618_13561,CLQ,371,0,0,90,0,0
13561,2460604,2460604_13561,CLQ,371,0,0,90,0,0
13561,2478433,2478433_13561,CLQ,371,0,0,75,0,0
193867,2460604,2460604_193867,CLQ,371,0,0,16,0,0
120977,2460618,2460618_120977,CLQ,371,1,0,90,0,0
120977,2460604,2460604_120977,CLQ,371,0,1,90,0,0
120977,2478433,2478433_120977,CLQ,371,1,0,90,0,0
44741,2460604,2460604_44741,CLQ,371,0,0,29,0,0
44741,2478433,2478433_44741,CLQ,371,0,0,45,1,0
62008,2460618,2460618_62008,CLQ,371,0,0,90,0,0
62008,2460604,2460604_62008,CLQ,371,0,0,90,0,0
62008,2478433,2478433_62008,CLQ,371,0,0,90,0,0
36025,2460618,2460618_36025,CLQ,371,0,0,90,0,0
36025,2460604,2460604_36025,CLQ,371,0,1,90,0,0
36025,2478433,2478433_36025,CLQ,371,0,0,90,0,0
108878,2460604,2460604_108878,CLQ,371,0,0,29,0,0
108878,2478433,2478433_108878,CLQ,371,0,0,90,0,0
200467,2469411,2469411_200467,DK1,20100,0,0,90,0,0
200467,2469417,2469417_200467,DK1,20100,0,0,90,0,0
62246,2460618,2460618_62246,CLQ,371,0,0,90,0,0
62246,2460604,2460604_62246,CLQ,371,0,0,61,0,0
62246,2478433,2478433_62246,CLQ,371,0,0,27,0,0
37428,2460618,2460618_37428,CLQ,371,0,0,90,0,0
37428,2460604,2460604_37428,CLQ,371,0,1,90,0,0
37428,2478433,2478433_37428,CLQ,371,0,0,90,1,0
139208,2460618,2460618_139208,CLQ,371,0,0,90,0,0
139208,2460604,2460604_139208,CLQ,371,2,0,90,0,0
139208,2478433,2478433_139208,CLQ,371,0,0,90,0,0
81831,2460618,2460618_81831,CLQ,371,0,1,90,0,0
81831,2460604,2460604_81831,CLQ,371,0,0,90,0,0
81831,2478433,2478433_81831,CLQ,371,0,0,44,0,1
52570,2460618,2460618_52570,CLQ,371,0,0,90,0,0
52570,2460604,2460604_52570,CLQ,371,0,0,90,0,0
52570,2478433,2478433_52570,CLQ,371,0,0,90,0,0
43332,2477181,2477181_43332,UKR1,2740,0,0,25,0,0
59083,2477181,2477181_59083,UKR1,2740,0,0,45,0,0
59150,2477181,2477181_59150,UKR1,2740,0,0,65,0,0
39253,2479063,2479063_39253,ELQ,6992,0,0,41,0,0
39253,2477178,2477178_39253,UKR1,6992,0,0,45,0,0
122088,2477181,2477181_122088,UKR1,2740,0,0,90,0,0
24010,2469190,2469190_24010,ELQ,10690,0,0,75,0,0
24010,2473661,2473661_24010,ELQ,10690,0,0,65,0,0
24010,2479058,2479058_24010,ELQ,10690,0,0,90,0,0
24010,2477182,2477182_24010,UKR1,10690,0,0,58,0,0
106632,2477181,2477181_106632,UKR1,2740,0,0,90,0,0
58150,2477181,2477181_58150,UKR1,2740,0,0,45,0,0
58252,2477177,2477177_58252,UKR1,4482,0,0,90,1,0
201671,2477181,2477181_201671,UKR1,2740,0,0,90,0,0
82608,2479058,2479058_82608,ELQ,10690,0,0,59,1,0
59129,2477181,2477181_59129,UKR1,2740,0,0,90,0,0
82608,2477182,2477182_82608,UKR1,10690,0,0,45,0,0
86466,2477181,2477181_86466,UKR1,2740,0,0,90,0,0
35607,2477181,2477181_35607,UKR1,2740,0,0,90,1,0
58930,2477181,2477181_58930,UKR1,2740,0,0,90,0,0
57869,2477181,2477181_57869,UKR1,2740,0,0,85,0,0
77847,2477181,2477181_77847,UKR1,2740,0,0,90,0,0
60767,2469213,2469213_60767,ELQ,987,2,0,69,0,0
60767,2473671,2473671_60767,ELQ,987,0,1,77,0,0
24670,2469190,2469190_24670,ELQ,10690,0,0,45,0,0
24670,2473661,2473661_24670,ELQ,10690,1,0,90,0,0
24670,2479058,2479058_24670,ELQ,10690,0,0,90,0,0
12663,2469213,2469213_12663,ELQ,987,0,0,90,0,0
12663,2473671,2473671_12663,ELQ,987,1,0,120,0,0
30668,2460618,2460618_30668,CLQ,371,0,0,16,0,0
36149,2477181,2477181_36149,UKR1,2740,0,0,5,0,0
21334,2469213,2469213_21334,ELQ,987,0,0,90,0,0
21334,2473671,2473671_21334,ELQ,987,0,0,120,1,0
23817,2469213,2469213_23817,ELQ,987,0,0,90,0,0
23817,2473671,2473671_23817,ELQ,987,0,0,120,0,0
131553,2477177,2477177_131553,UKR1,6993,0,0,85,0,0
103539,2479066,2479066_103539,ELQ,206,0,0,90,0,0
269374,2477177,2477177_269374,UKR1,6993,0,0,90,0,0
103539,2469415,2469415_103539,DK1,206,0,0,90,1,0
103539,2469422,2469422_103539,DK1,206,0,0,90,0,0
277777,2477177,2477177_277777,UKR1,6993,0,0,90,0,0
120967,2469213,2469213_120967,ELQ,987,0,0,21,0,0
120967,2473671,2473671_120967,ELQ,987,0,0,43,0,0
89556,2477177,2477177_89556,UKR1,6993,0,0,5,0,0
212243,2477177,2477177_212243,UKR1,6993,0,0,90,0,0
13919,2469213,2469213_13919,ELQ,987,0,0,90,1,0
13919,2473671,2473671_13919,ELQ,987,0,0,120,0,0
207889,2479058,2479058_207889,ELQ,10690,0,0,15,0,0
55573,2469213,2469213_55573,ELQ,987,0,0,90,0,0
55573,2473671,2473671_55573,ELQ,987,0,0,120,1,0
58035,2477177,2477177_58035,UKR1,6993,0,0,90,1,0
91479,2477177,2477177_91479,UKR1,6993,0,0,9,0,0
43288,2477177,2477177_43288,UKR1,6993,0,0,90,0,0
59434,2477177,2477177_59434,UKR1,6993,0,0,90,0,0
85938,2477177,2477177_85938,UKR1,6993,0,0,81,0,0
59022,2477177,2477177_59022,UKR1,6993,0,0,90,0,0
58103,2477180,2477180_58103,UKR1,6994,0,0,45,0,0
167556,2477177,2477177_167556,UKR1,6993,1,0,90,0,0
34773,2477180,2477180_34773,UKR1,6994,0,0,90,0,0
242854,2477180,2477180_242854,UKR1,6994,0,0,90,0,0
59249,2477180,2477180_59249,UKR1,6994,0,0,45,0,0
325221,2477180,2477180_325221,UKR1,6994,0,0,90,0,0
127770,2460598,2460598_127770,CLQ,12469,0,0,90,1,0
127770,2460612,2460612_127770,CLQ,12469,0,0,90,0,0
58961,2477180,2477180_58961,UKR1,6994,0,0,90,0,0
248931,2477180,2477180_248931,UKR1,6994,0,0,12,0,0
109314,2477180,2477180_109314,UKR1,6994,0,0,90,0,0
24032,2477180,2477180_24032,UKR1,6994,0,0,90,0,0
193078,2473671,2473671_193078,ELQ,987,0,0,43,0,0
59024,2477180,2477180_59024,UKR1,6994,0,0,90,0,0
52380,2460523,2460523_52380,ELQ,370,1,1,90,0,0
12804,2460523,2460523_12804,ELQ,370,0,0,78,0,0
52380,2460562,2460562_52380,ELQ,370,0,2,62,0,0
52380,2469214,2469214_52380,ELQ,370,0,0,90,1,0
52380,2473672,2473672_52380,ELQ,370,0,1,90,1,0
52380,2479068,2479068_52380,ELQ,370,0,0,90,0,0
12804,2460562,2460562_12804,ELQ,370,0,0,80,0,0
12804,2469214,2469214_12804,ELQ,370,0,0,88,0,0
12804,2473672,2473672_12804,ELQ,370,0,0,24,0,0
12804,2479068,2479068_12804,ELQ,370,0,0,71,0,0
91259,2477180,2477180_91259,UKR1,6994,0,0,78,0,0
28809,2460523,2460523_28809,ELQ,370,0,0,90,0,0
95986,2460562,2460562_95986,ELQ,370,0,0,10,0,0
28809,2460562,2460562_28809,ELQ,370,0,0,90,0,0
28809,2469214,2469214_28809,ELQ,370,0,0,90,0,0
28809,2473672,2473672_28809,ELQ,370,0,0,90,0,0
28809,2479068,2479068_28809,ELQ,370,0,0,90,0,0
95986,2469214,2469214_95986,ELQ,370,0,0,2,0,0
95986,2473672,2473672_95986,ELQ,370,0,0,1,0,0
95986,2479068,2479068_95986,ELQ,370,0,0,19,0,0
58579,2460523,2460523_58579,ELQ,370,1,0,90,0,0
60793,2460523,2460523_60793,ELQ,370,0,1,90,0,0
58579,2460562,2460562_58579,ELQ,370,0,1,90,0,0
58579,2469214,2469214_58579,ELQ,370,0,0,90,0,0
58579,2473672,2473672_58579,ELQ,370,0,0,90,0,0
58579,2479068,2479068_58579,ELQ,370,0,0,90,1,0
60793,2460562,2460562_60793,ELQ,370,0,0,90,0,0
60793,2469214,2469214_60793,ELQ,370,0,0,90,0,0
60793,2473672,2473672_60793,ELQ,370,0,0,90,0,0
60793,2479068,2479068_60793,ELQ,370,0,0,90,0,0
21306,2460562,2460562_21306,ELQ,370,0,0,90,0,0
21306,2473672,2473672_21306,ELQ,370,0,0,90,0,0
21306,2479068,2479068_21306,ELQ,370,0,0,28,0,0
96928,2477180,2477180_96928,UKR1,6994,0,0,90,1,0
106721,2460562,2460562_106721,ELQ,370,0,0,90,0,0
21419,2460523,2460523_21419,ELQ,370,0,0,90,0,0
21419,2460562,2460562_21419,ELQ,370,0,0,90,0,0
21419,2469214,2469214_21419,ELQ,370,0,0,90,0,0
21419,2473672,2473672_21419,ELQ,370,0,0,90,0,0
21419,2479068,2479068_21419,ELQ,370,0,0,90,0,0
12817,2460523,2460523_12817,ELQ,370,0,0,90,0,0
12817,2460562,2460562_12817,ELQ,370,0,0,90,0,0
12817,2469214,2469214_12817,ELQ,370,0,0,90,0,0
12817,2473672,2473672_12817,ELQ,370,0,0,90,0,0
12817,2479068,2479068_12817,ELQ,370,0,0,90,0,0
215596,2477178,2477178_215596,UKR1,23611,0,0,90,0,0
121030,2477178,2477178_121030,UKR1,23611,0,0,62,0,0
64104,2477180,2477180_64104,UKR1,6994,0,0,90,0,0
202840,2477178,2477178_202840,UKR1,23611,0,0,90,0,0
91448,2477178,2477178_91448,UKR1,23611,0,0,90,0,0
272934,2477178,2477178_272934,UKR1,23611,0,0,28,0,0
226208,2477178,2477178_226208,UKR1,23611,0,0,90,0,0
27151,2477178,2477178_27151,UKR1,23611,0,0,90,0,0
242279,2477178,2477178_242279,UKR1,23611,0,0,70,0,0
241687,2477178,2477178_241687,UKR1,23611,0,0,20,0,0
48989,2477178,2477178_48989,UKR1,23611,0,0,90,0,0
166575,2477178,2477178_166575,UKR1,23611,0,0,90,0,0
12765,2460523,2460523_12765,ELQ,370,0,0,90,0,0
12765,2469214,2469214_12765,ELQ,370,0,0,90,0,0
12765,2473672,2473672_12765,ELQ,370,0,0,90,0,0
12765,2479068,2479068_12765,ELQ,370,0,0,90,0,0
91376,2477178,2477178_91376,UKR1,23611,0,0,90,0,0
166588,2477179,2477179_166588,UKR1,6996,0,0,1,0,0
161496,2479069,2479069_161496,ELQ,2578,0,0,14,1,0
13946,2460578,2460578_13946,ELQ,2578,1,0,90,0,0
111432,2460585,2460585_111432,ELQ,2578,1,0,120,0,0
13946,2460585,2460585_13946,ELQ,2578,0,0,120,0,0
13946,2479069,2479069_13946,ELQ,2578,0,0,90,0,0
58405,2477181,2477181_58405,UKR1,338,0,0,90,1,0
44624,2458528,2458528_44624,UKRS,338,0,0,90,1,0
157849,2467449,2467449_157849,ELQ,238,0,0,5,0,0
58405,2458528,2458528_58405,UKRS,338,0,0,6,0,0
69015,2477181,2477181_69015,UKR1,338,0,0,11,0,0
97567,2477181,2477181_97567,UKR1,338,1,0,72,0,0
69015,2458528,2458528_69015,UKRS,338,0,0,90,1,0
97567,2458528,2458528_97567,UKRS,338,0,0,79,1,0
108710,2477181,2477181_108710,UKR1,338,0,1,79,0,0
108710,2458528,2458528_108710,UKRS,338,0,0,68,0,0
118022,2477181,2477181_118022,UKR1,338,0,0,90,0,0
118022,2458528,2458528_118022,UKRS,338,0,0,84,1,0
9794,2477181,2477181_9794,UKR1,338,0,0,63,0,0
9794,2458528,2458528_9794,UKRS,338,0,0,22,0,0
96455,2477181,2477181_96455,UKR1,338,0,0,90,1,0
96455,2458528,2458528_96455,UKRS,338,0,0,90,0,0
9798,2477179,2477179_9798,UKR1,6996,1,0,90,0,0
59908,2478427,2478427_59908,CLQ,339,0,0,63,0,0
59908,2477176,2477176_59908,UKR1,339,0,0,53,0,0
36371,2478427,2478427_36371,CLQ,339,0,0,90,0,0
36371,2477176,2477176_36371,UKR1,339,0,0,17,0,0
70767,2477176,2477176_70767,UKR1,339,0,1,90,0,0
35245,2478427,2478427_35245,CLQ,339,0,0,90,1,0
35245,2477176,2477176_35245,UKR1,339,1,0,73,1,0
15568,2478427,2478427_15568,CLQ,339,0,0,27,0,0
15568,2477176,2477176_15568,UKR1,339,0,0,37,0,0
58949,2478427,2478427_58949,CLQ,339,0,0,90,0,0
58949,2477176,2477176_58949,UKR1,339,1,0,90,0,0
59076,2478427,2478427_59076,CLQ,339,0,0,35,0,0
59076,2477176,2477176_59076,UKR1,339,0,0,82,0,0
25758,2478427,2478427_25758,CLQ,339,0,0,55,0,0
25758,2477176,2477176_25758,UKR1,339,0,0,90,0,0
57888,2477179,2477179_57888,UKR1,2477,0,0,90,0,0
22378,2478427,2478427_22378,CLQ,339,0,0,90,0,0
22378,2477176,2477176_22378,UKR1,339,0,0,90,0,0
58000,2478427,2478427_58000,CLQ,339,0,0,90,0,0
58000,2477176,2477176_58000,UKR1,339,0,0,90,0,0
57987,2477176,2477176_57987,UKR1,339,0,0,90,0,0
59414,2477182,2477182_59414,UKR1,6414,0,0,90,0,0
101304,2478427,2478427_101304,CLQ,339,0,0,90,0,0
101304,2477176,2477176_101304,UKR1,339,0,0,90,1,0
91931,2478427,2478427_91931,CLQ,339,0,0,90,0,0
91931,2477176,2477176_91931,UKR1,339,0,0,90,0,0
23443,2478427,2478427_23443,CLQ,339,0,0,90,1,0
25891,2479063,2479063_25891,ELQ,6992,0,0,49,0,0
36238,2479063,2479063_36238,ELQ,6992,0,0,90,0,0
59982,2479063,2479063_59982,ELQ,6992,0,0,90,1,0
36238,2477178,2477178_36238,UKR1,6992,0,0,90,0,0
59982,2477178,2477178_59982,UKR1,6992,0,1,90,1,0
58515,2479063,2479063_58515,ELQ,6992,0,0,37,0,0
58515,2477178,2477178_58515,UKR1,6992,2,0,90,0,0
44361,2479063,2479063_44361,ELQ,6992,0,0,90,0,0
69913,2479063,2479063_69913,ELQ,6992,0,0,76,0,0
44361,2477178,2477178_44361,UKR1,6992,2,0,74,0,0
69913,2477178,2477178_69913,UKR1,6992,0,0,90,0,0
91366,2477176,2477176_91366,UKR1,2783,0,0,44,0,0
193323,2477176,2477176_193323,UKR1,2783,0,0,40,0,0
325429,2477176,2477176_325429,UKR1,2783,0,0,6,0,0
237947,2460589,2460589_237947,CLQ,11411,0,0,90,0,0
237947,2460592,2460592_237947,CLQ,11411,2,0,90,1,0
45812,2477176,2477176_45812,UKR1,2783,0,0,90,0,0
95649,2477176,2477176_95649,UKR1,2783,0,0,90,0,0
96498,2477176,2477176_96498,UKR1,2783,0,0,90,0,0
24000,2477176,2477176_24000,UKR1,2783,0,0,90,1,0
34186,2479048,2479048_34186,ELQ,13499,0,0,90,0,0
87893,2477176,2477176_87893,UKR1,2783,0,0,90,0,0
85969,2477176,2477176_85969,UKR1,2783,0,0,90,0,0
130041,2479063,2479063_130041,ELQ,6992,0,0,14,0,0
130041,2477178,2477178_130041,UKR1,6992,0,0,16,0,0
27172,2479063,2479063_27172,ELQ,6992,0,0,90,0,0
130041,2458528,2458528_130041,UKRS,660,0,0,1,0,0
257937,2479063,2479063_257937,ELQ,6992,0,0,53,0,0
257937,2477178,2477178_257937,UKR1,6992,0,1,45,0,0
130824,2477178,2477178_130824,UKR1,6992,0,0,90,0,0
121026,2477178,2477178_121026,UKR1,6992,0,0,67,0,0
36364,2479063,2479063_36364,ELQ,6992,0,0,90,1,0
36364,2477178,2477178_36364,UKR1,6992,0,0,90,0,0
105362,2479063,2479063_105362,ELQ,6992,0,0,90,0,0
105362,2477178,2477178_105362,UKR1,6992,0,0,90,0,0
112640,2478428,2478428_112640,CLQ,2784,0,0,11,0,0
40608,2477176,2477176_40608,UKR1,2783,0,0,90,0,0
27108,2477176,2477176_27108,UKR1,2783,0,0,90,1,0
81649,2477181,2477181_81649,UKR1,338,0,0,90,0,0
81649,2458528,2458528_81649,UKRS,338,0,0,90,0,0
43848,2477181,2477181_43848,UKR1,338,0,0,18,0,0
61952,2477181,2477181_61952,UKR1,338,0,0,90,0,0
61952,2458528,2458528_61952,UKRS,338,0,0,90,1,0
43264,2477181,2477181_43264,UKR1,338,0,0,27,0,0
46083,2477181,2477181_46083,UKR1,338,0,0,90,1,0
46083,2458528,2458528_46083,UKRS,338,0,0,90,0,0
59032,2477181,2477181_59032,UKR1,338,0,0,90,0,0
9775,2477181,2477181_9775,UKR1,338,0,0,90,0,0
59032,2458528,2458528_59032,UKRS,338,0,0,90,0,0
9775,2458528,2458528_9775,UKRS,338,0,0,90,0,0
112953,2479063,2479063_112953,ELQ,6992,0,0,90,0,0
112953,2477178,2477178_112953,UKR1,6992,0,0,90,0,0
60324,2477176,2477176_60324,UKR1,2783,0,0,90,0,0
125158,2460578,2460578_125158,ELQ,2578,0,0,15,0,0
74861,2460578,2460578_74861,ELQ,2578,0,1,90,1,0
125158,2460585,2460585_125158,ELQ,2578,0,0,74,0,0
125158,2479069,2479069_125158,ELQ,2578,0,0,76,0,0
74861,2460585,2460585_74861,ELQ,2578,0,0,101,1,0
74861,2479069,2479069_74861,ELQ,2578,0,1,90,0,0
140511,2460578,2460578_140511,ELQ,2578,0,0,75,0,0
140511,2460585,2460585_140511,ELQ,2578,0,0,19,0,0
191189,2460578,2460578_191189,ELQ,2578,0,0,90,0,0
191189,2460585,2460585_191189,ELQ,2578,0,0,120,0,0
191189,2479069,2479069_191189,ELQ,2578,0,0,90,0,0
36724,2460578,2460578_36724,ELQ,2578,0,0,90,0,0
36637,2460578,2460578_36637,ELQ,2578,0,0,90,0,0
36724,2460585,2460585_36724,ELQ,2578,0,0,120,0,0
36724,2479069,2479069_36724,ELQ,2578,0,0,29,0,0
36637,2460585,2460585_36637,ELQ,2578,0,1,114,0,0
36637,2479069,2479069_36637,ELQ,2578,0,0,90,1,0
12811,2460578,2460578_12811,ELQ,2578,0,0,90,0,0
45331,2460578,2460578_45331,ELQ,2578,0,0,90,1,0
12811,2460585,2460585_12811,ELQ,2578,0,0,120,0,0
12811,2479069,2479069_12811,ELQ,2578,1,0,90,0,0
45331,2460585,2460585_45331,ELQ,2578,0,0,120,0,0
45331,2479069,2479069_45331,ELQ,2578,0,0,90,0,0
36658,2460578,2460578_36658,ELQ,2578,0,0,90,1,0
39710,2460578,2460578_39710,ELQ,2578,0,0,2,0,0
36658,2460585,2460585_36658,ELQ,2578,0,0,120,0,0
36658,2479069,2479069_36658,ELQ,2578,0,0,90,1,0
39710,2460585,2460585_39710,ELQ,2578,0,0,6,0,0
62855,2460578,2460578_62855,ELQ,2578,0,0,90,0,0
62855,2460585,2460585_62855,ELQ,2578,0,0,120,0,0
62855,2479069,2479069_62855,ELQ,2578,0,0,90,0,0
222079,2477179,2477179_222079,UKR1,6996,0,0,90,0,0
58008,2477179,2477179_58008,UKR1,6996,0,1,90,0,0
59826,2477179,2477179_59826,UKR1,6996,0,0,52,0,0
104331,2458528,2458528_104331,UKRS,338,0,0,11,0,0
12743,2479069,2479069_12743,ELQ,2578,0,0,61,0,0
91991,2477179,2477179_91991,UKR1,6996,0,0,90,0,0
39316,2477179,2477179_39316,UKR1,6996,0,0,90,0,0
35908,2477179,2477179_35908,UKR1,6996,0,0,38,1,0
125291,2477179,2477179_125291,UKR1,6996,0,0,90,0,0
91377,2477179,2477179_91377,UKR1,6996,0,0,90,0,0
71725,2477179,2477179_71725,UKR1,6996,0,0,90,0,0
42641,2477179,2477179_42641,UKR1,6996,0,0,90,1,0
58403,2477179,2477179_58403,UKR1,2477,0,1,30,1,0
176413,2477179,2477179_176413,UKR1,2477,1,0,84,0,0
58016,2477179,2477179_58016,UKR1,2477,0,0,90,0,0
58072,2477179,2477179_58072,UKR1,2477,0,0,77,1,0
58042,2477179,2477179_58042,UKR1,2477,0,1,90,1,0
212232,2477179,2477179_212232,UKR1,2477,0,0,60,0,0
27510,2460578,2460578_27510,ELQ,2578,0,0,88,0,0
27510,2460585,2460585_27510,ELQ,2578,0,0,46,1,0
27510,2479069,2479069_27510,ELQ,2578,0,0,90,0,0
99490,2477179,2477179_99490,UKR1,2477,0,0,11,0,1
34941,2477179,2477179_34941,UKR1,6996,1,0,90,0,0
53270,2477180,2477180_53270,UKR1,660,1,0,69,0,0
53270,2458528,2458528_53270,UKRS,660,1,0,90,0,0
48974,2477180,2477180_48974,UKR1,660,1,1,90,0,0
48974,2458528,2458528_48974,UKRS,660,0,0,90,1,0
68778,2477180,2477180_68778,UKR1,660,0,0,45,0,0
76028,2477180,2477180_76028,UKR1,660,0,0,90,0,0
68778,2458528,2458528_68778,UKRS,660,1,0,4,0,0
76028,2458528,2458528_76028,UKRS,660,0,0,86,0,0
191614,2477180,2477180_191614,UKR1,660,0,0,18,0,0
59970,2477180,2477180_59970,UKR1,660,0,0,90,0,0
105456,2477180,2477180_105456,UKR1,660,0,0,72,0,0
105456,2458528,2458528_105456,UKRS,660,0,0,73,0,0
59970,2458528,2458528_59970,UKRS,660,0,0,90,1,0
14942,2477180,2477180_14942,UKR1,660,0,0,90,0,0
264063,2477180,2477180_264063,UKR1,660,0,0,21,0,0
264063,2458528,2458528_264063,UKRS,660,0,0,17,0,0
25820,2477180,2477180_25820,UKR1,660,0,0,90,0,0
14942,2458528,2458528_14942,UKRS,660,0,0,90,0,0
25820,2458528,2458528_25820,UKRS,660,0,0,90,0,0
55484,2477182,2477182_55484,UKR1,6414,0,0,90,1,0
118850,2477180,2477180_118850,UKR1,660,0,0,90,0,0
44357,2458528,2458528_44357,UKRS,660,0,0,90,0,0
58945,2477180,2477180_58945,UKR1,660,0,0,90,0,0
89222,2477180,2477180_89222,UKR1,660,0,1,90,0,0
58945,2458528,2458528_58945,UKRS,660,0,0,90,0,0
89222,2458528,2458528_89222,UKRS,660,0,0,90,0,0
325386,2477179,2477179_325386,UKR1,2477,0,0,6,0,0
203914,2460623,2460623_203914,CLQ,31614,0,0,90,0,0
208095,2469214,2469214_208095,ELQ,202,0,0,8,0,0
110906,2473672,2473672_110906,ELQ,202,0,0,45,0,0
81163,2469214,2469214_81163,ELQ,202,0,0,65,0,0
81163,2473672,2473672_81163,ELQ,202,0,0,45,0,0
162672,2469214,2469214_162672,ELQ,202,0,0,25,0,0
162672,2473672,2473672_162672,ELQ,202,0,0,45,0,0
24819,2469214,2469214_24819,ELQ,202,0,0,82,1,0
24819,2473672,2473672_24819,ELQ,202,0,0,90,0,0
76326,2469214,2469214_76326,ELQ,202,0,0,90,0,0
76326,2473672,2473672_76326,ELQ,202,0,0,90,0,0
161011,2469214,2469214_161011,ELQ,202,0,0,90,0,0
161011,2473672,2473672_161011,ELQ,202,0,0,90,0,0
187301,2473672,2473672_187301,ELQ,202,0,0,28,0,0
275303,2469214,2469214_275303,ELQ,202,0,0,90,1,0
275303,2473672,2473672_275303,ELQ,202,0,0,90,0,0
124866,2469214,2469214_124866,ELQ,202,0,0,90,0,0
124866,2473672,2473672_124866,ELQ,202,0,0,62,0,0
29456,2469214,2469214_29456,ELQ,202,0,0,90,1,0
29456,2473672,2473672_29456,ELQ,202,0,0,90,1,0
124888,2469214,2469214_124888,ELQ,202,0,0,90,0,0
124888,2473672,2473672_124888,ELQ,202,0,0,90,0,0
56601,2469214,2469214_56601,ELQ,202,0,0,90,0,0
56601,2473672,2473672_56601,ELQ,202,0,0,90,0,0
79573,2469214,2469214_79573,ELQ,202,0,0,90,0,0
79573,2473672,2473672_79573,ELQ,202,0,0,90,0,0
52937,2477180,2477180_52937,UKR1,660,0,0,45,0,0
52937,2458528,2458528_52937,UKRS,660,0,0,90,1,0
43309,2477182,2477182_43309,UKR1,6414,0,0,90,0,0
82332,2469214,2469214_82332,ELQ,202,0,0,90,1,0
82332,2473672,2473672_82332,ELQ,202,1,0,45,0,0
43359,2477182,2477182_43359,UKR1,6414,0,0,6,0,0
43299,2477182,2477182_43299,UKR1,6414,0,0,90,1,0
25734,2477182,2477182_25734,UKR1,6414,1,0,84,0,0
25618,2477182,2477182_25618,UKR1,6414,0,0,90,0,0
27378,2477182,2477182_27378,UKR1,6414,0,0,90,0,0
68915,2477182,2477182_68915,UKR1,6414,0,0,90,0,0
30694,2477182,2477182_30694,UKR1,6414,0,0,1,0,0
80073,2460579,2460579_80073,ELQ,3508,1,0,90,0,0
80073,2460586,2460586_80073,ELQ,3508,1,0,90,0,0
80073,2479062,2479062_80073,ELQ,3508,1,0,44,0,1
80073,2469873,2469873_80073,BE1,3508,0,0,90,1,0
53523,2477182,2477182_53523,UKR1,6414,0,0,1,0,0
19702,2477182,2477182_19702,UKR1,6414,0,0,90,0,0
25780,2477182,2477182_25780,UKR1,6414,0,0,89,0,0
34129,2470375,2470375_34129,CLQ,234,0,0,65,1,0
159668,2460532,2460532_159668,ELQ,801,0,0,90,0,0
159668,2460572,2460572_159668,ELQ,801,0,0,90,0,0
159668,2469208,2469208_159668,ELQ,801,0,1,90,0,0
159668,2473659,2473659_159668,ELQ,801,0,0,69,0,0
159668,2479056,2479056_159668,ELQ,801,0,0,90,0,0
30803,2477182,2477182_30803,UKR1,6414,1,0,90,0,0
244262,2477179,2477179_244262,UKR1,2477,0,0,90,0,0
203856,2477179,2477179_203856,UKR1,2477,0,0,90,0,0
91727,2477179,2477179_91727,UKR1,2477,0,0,90,0,0
70869,2477179,2477179_70869,UKR1,2477,1,0,90,0,0
120966,2477179,2477179_120966,UKR1,2477,0,0,90,0,0
79127,2470375,2470375_79127,CLQ,234,1,0,90,0,0
31453,2470375,2470375_31453,CLQ,234,0,0,61,0,0
198070,2470375,2470375_198070,CLQ,234,0,1,25,0,0
56371,2470375,2470375_56371,CLQ,234,0,0,90,0,0
182574,2470375,2470375_182574,CLQ,234,0,0,90,1,0
182581,2470375,2470375_182581,CLQ,234,0,0,90,0,0
104223,2470375,2470375_104223,CLQ,234,0,0,90,0,0
53350,2460598,2460598_53350,CLQ,713,0,0,90,0,0
53350,2460612,2460612_53350,CLQ,713,0,0,90,1,0
53350,2478423,2478423_53350,CLQ,713,0,0,90,0,0
256718,2470375,2470375_256718,CLQ,234,0,0,90,0,0
152651,2470375,2470375_152651,CLQ,234,0,0,90,0,0
56631,2470375,2470375_56631,CLQ,234,0,0,90,0,0
4489,2470375,2470375_4489,CLQ,234,0,0,29,0,0
81532,2469215,2469215_81532,ELQ,272,0,0,90,0,0
81532,2473648,2473648_81532,ELQ,272,0,0,90,0,0
4563,2470375,2470375_4563,CLQ,234,0,0,90,0,0
90024,2479068,2479068_90024,ELQ,681,0,0,90,0,0
37501,2479068,2479068_37501,ELQ,681,0,0,16,0,0
28171,2479068,2479068_28171,ELQ,681,0,0,64,0,0
66106,2479068,2479068_66106,ELQ,681,1,0,26,0,0
166240,2479053,2479053_166240,ELQ,383,0,0,90,0,0
72522,2479053,2479053_72522,ELQ,383,1,0,90,1,0
124873,2479053,2479053_124873,ELQ,383,0,0,18,2,0
72462,2479053,2479053_72462,ELQ,383,0,1,72,0,0
205023,2479053,2479053_205023,ELQ,383,0,0,12,0,0
84162,2479053,2479053_84162,ELQ,383,0,0,78,0,0
158810,2479053,2479053_158810,ELQ,383,0,0,90,0,0
122421,2479053,2479053_122421,ELQ,383,0,0,90,0,0
205004,2479053,2479053_205004,ELQ,383,0,0,90,0,0
207006,2479053,2479053_207006,ELQ,383,0,0,90,0,0
316264,2460611,2460611_316264,CLQ,2817,0,0,5,0,0
123513,2479053,2479053_123513,ELQ,383,0,0,90,0,0
88721,2479053,2479053_88721,ELQ,383,0,0,90,0,0
79045,2479053,2479053_79045,ELQ,383,0,0,90,0,0
47647,2479068,2479068_47647,ELQ,681,0,0,90,0,0
59375,2479068,2479068_59375,ELQ,681,1,0,90,0,0
99352,2479068,2479068_99352,ELQ,681,0,0,83,0,0
44065,2479068,2479068_44065,ELQ,681,0,0,7,0,0
51426,2479068,2479068_51426,ELQ,681,0,0,90,0,0
15693,2479068,2479068_15693,ELQ,681,0,0,74,0,0
197135,2479068,2479068_197135,ELQ,681,0,0,90,0,0
73319,2479068,2479068_73319,ELQ,681,0,0,90,0,0
158863,2479068,2479068_158863,ELQ,681,0,0,90,0,0
76076,2479068,2479068_76076,ELQ,681,0,0,90,0,0
58295,2465492,2465492_58295,CLQ,669,1,1,90,0,0
58295,2465493,2465493_58295,CLQ,669,0,0,73,0,0
58295,2478431,2478431_58295,CLQ,669,0,0,90,0,0
45491,2470812,2470812_45491,RUSS,1083,0,0,65,0,0
98539,2470812,2470812_98539,RUSS,1083,0,1,90,0,0
280701,2460579,2460579_280701,ELQ,3508,0,1,83,0,0
280701,2460586,2460586_280701,ELQ,3508,0,0,64,0,0
280701,2479062,2479062_280701,ELQ,3508,0,0,66,1,0
280701,2469873,2469873_280701,BE1,3508,0,0,1,0,0
168959,2460580,2460580_168959,ELQ,448,0,0,90,0,0
168959,2460587,2460587_168959,ELQ,448,0,0,90,0,0
231306,2470812,2470812_231306,RUSS,1083,0,0,63,2,0
44318,2470812,2470812_44318,RUSS,1083,0,0,90,1,0
15083,2470812,2470812_15083,RUSS,1083,0,0,55,0,0
73691,2470812,2470812_73691,RUSS,1083,0,0,25,0,0
100189,2470812,2470812_100189,RUSS,1083,0,0,35,0,0
5245,2470812,2470812_5245,RUSS,1083,0,0,61,2,0
46423,2470812,2470812_46423,RUSS,1083,1,0,90,0,0
158837,2470812,2470812_158837,RUSS,1083,0,0,90,0,0
31068,2479051,2479051_31068,ELQ,121,0,0,90,0,0
195810,2470812,2470812_195810,RUSS,1083,0,0,90,0,0
112088,2470812,2470812_112088,RUSS,1083,0,0,90,0,0
14937,2470812,2470812_14937,RUSS,1083,0,0,90,0,0
212899,2479056,2479056_212899,ELQ,2425,0,0,75,0,0
36233,2479051,2479051_36233,ELQ,121,0,0,90,1,0
15570,2470812,2470812_15570,RUSS,2410,0,0,90,0,0
106675,2470812,2470812_106675,RUSS,2410,0,0,66,0,0
168337,2470812,2470812_168337,RUSS,2410,0,1,83,0,0
46180,2470812,2470812_46180,RUSS,2410,1,0,85,0,0
213605,2470812,2470812_213605,RUSS,2410,0,0,24,0,0
134158,2470812,2470812_134158,RUSS,2410,0,1,90,0,0
214243,2470812,2470812_214243,RUSS,2410,0,0,5,0,0
68033,2470812,2470812_68033,RUSS,2410,0,0,7,0,0
36688,2470812,2470812_36688,RUSS,2410,1,0,90,1,0
102740,2470812,2470812_102740,RUSS,2410,0,0,90,0,0
38805,2470812,2470812_38805,RUSS,2410,0,0,90,0,0
9644,2470812,2470812_9644,RUSS,2410,0,0,90,1,0
15362,2470812,2470812_15362,RUSS,2410,0,0,90,0,0
89088,2467448,2467448_89088,ELQ,16704,0,0,22,0,0
264595,3283402,3283402_264595,RUP,11125,0,0,45,0,0
15381,2478426,2478426_15381,CLQ,964,0,0,60,0,0
80562,2478426,2478426_80562,CLQ,964,0,0,90,0,0
80197,2478426,2478426_80197,CLQ,964,0,0,30,0,0
14119,2478426,2478426_14119,CLQ,964,0,0,69,0,0
59187,2478426,2478426_59187,CLQ,964,0,0,21,0,0
40254,2478426,2478426_40254,CLQ,964,0,0,90,1,0
35047,2478426,2478426_35047,CLQ,964,0,0,67,0,1
17749,2478426,2478426_17749,CLQ,964,0,0,73,0,0
46635,2478426,2478426_46635,CLQ,964,0,0,17,0,0
56036,2478426,2478426_56036,CLQ,964,0,0,90,0,0
44136,2478426,2478426_44136,CLQ,964,0,0,90,1,0
35939,2478426,2478426_35939,CLQ,964,0,0,90,0,0
126360,2478426,2478426_126360,CLQ,964,0,0,90,0,0
14944,2478426,2478426_14944,CLQ,964,0,0,90,0,0
46580,2469188,2469188_46580,ELQ,144,0,0,33,0,0
46580,2473666,2473666_46580,ELQ,144,0,0,59,0,0
46580,2479061,2479061_46580,ELQ,144,1,1,82,0,0
25742,2479055,2479055_25742,ELQ,3008,0,0,4,0,0
37304,2479055,2479055_37304,ELQ,3008,0,0,86,0,0
157368,2479055,2479055_157368,ELQ,3008,0,0,25,0,0
22614,2479055,2479055_22614,ELQ,3008,0,0,25,0,0
68183,2479055,2479055_68183,ELQ,3008,0,0,65,0,0
13465,2479055,2479055_13465,ELQ,3008,0,0,90,1,0
61832,2479055,2479055_61832,ELQ,3008,0,0,90,1,0
15166,2479055,2479055_15166,ELQ,3008,0,0,90,0,0
66333,2479055,2479055_66333,ELQ,3008,0,0,90,0,0
37957,2479055,2479055_37957,ELQ,3008,0,0,90,0,0
73482,2479055,2479055_73482,ELQ,3008,0,0,90,0,0
18227,2479055,2479055_18227,ELQ,3008,0,0,90,1,0
9422,2479055,2479055_9422,ELQ,3008,0,0,90,0,0
42198,2479055,2479055_42198,ELQ,3008,0,0,65,0,0
124628,2469870,2469870_124628,BE1,968,0,0,90,0,0
1331,2479051,2479051_1331,ELQ,121,1,0,90,0,0
89086,2479051,2479051_89086,ELQ,121,0,0,36,0,0
55356,2479051,2479051_55356,ELQ,121,0,0,90,0,0
35004,2479051,2479051_35004,ELQ,121,0,0,90,0,0
15650,2479051,2479051_15650,ELQ,121,0,0,90,0,0
47893,2479051,2479051_47893,ELQ,121,0,0,90,0,0
181791,2469871,2469871_181791,BE1,354,1,0,71,0,0
46185,2469871,2469871_46185,BE1,354,0,0,19,0,0
129579,2469871,2469871_129579,BE1,354,1,1,90,0,0
113358,2469871,2469871_113358,BE1,354,1,1,79,0,0
22348,2469871,2469871_22348,BE1,354,0,1,90,0,0
140715,2469871,2469871_140715,BE1,354,0,0,30,0,0
92164,2469871,2469871_92164,BE1,354,0,0,11,0,0
41100,2469871,2469871_41100,BE1,354,0,0,90,0,0
160380,2469871,2469871_160380,BE1,354,0,0,60,0,0
18514,2469866,2469866_18514,BE1,172,0,0,14,0,0
96228,2469871,2469871_96228,BE1,354,0,0,90,0,0
49802,2469871,2469871_49802,BE1,354,0,0,90,0,0
113378,2469871,2469871_113378,BE1,354,0,0,90,1,0
65521,2469871,2469871_65521,BE1,354,0,0,90,0,0
200512,2478425,2478425_200512,CLQ,409,0,0,90,0,0
215840,2460611,2460611_215840,CLQ,2817,0,0,90,0,0
215840,2460625,2460625_215840,CLQ,2817,0,0,75,0,0
56789,2469866,2469866_56789,BE1,172,0,0,76,0,0
184935,2469866,2469866_184935,BE1,172,0,0,29,0,0
103284,2469866,2469866_103284,BE1,172,0,0,90,1,0
102679,2469866,2469866_102679,BE1,172,0,0,61,0,0
111422,2469866,2469866_111422,BE1,172,0,0,90,0,0
171147,2469866,2469866_171147,BE1,172,0,0,29,0,0
105352,2469866,2469866_105352,BE1,172,0,0,90,0,0
30436,2469866,2469866_30436,BE1,172,0,0,90,1,0
72736,2469866,2469866_72736,BE1,172,0,0,61,0,0
57196,2469866,2469866_57196,BE1,172,0,0,90,0,0
8733,2469866,2469866_8733,BE1,172,0,0,90,0,0
125754,2469866,2469866_125754,BE1,172,0,0,90,1,0
86055,2469866,2469866_86055,BE1,172,0,0,90,0,0
38003,2479051,2479051_38003,ELQ,121,0,0,90,0,0
29016,2479051,2479051_29016,ELQ,121,0,0,90,0,0
24131,2479051,2479051_24131,ELQ,121,0,0,90,0,0
157961,2469868,2469868_157961,BE1,520,0,0,3,0,0
24233,2469871,2469871_24233,BE1,354,0,0,90,0,0
71787,2469868,2469868_71787,BE1,520,0,0,87,0,0
323963,2469868,2469868_323963,BE1,520,0,0,11,0,0
156496,2469868,2469868_156496,BE1,520,0,0,90,0,0
164902,2469868,2469868_164902,BE1,520,0,0,90,0,0
160736,2469868,2469868_160736,BE1,520,0,0,90,1,0
13501,2469868,2469868_13501,BE1,520,0,0,90,0,0
80877,2469870,2469870_80877,BE1,968,0,0,90,0,0
128304,2469870,2469870_128304,BE1,968,0,0,90,1,0
9665,2469868,2469868_9665,BE1,520,0,0,90,0,0
143223,2469870,2469870_143223,BE1,968,0,0,68,0,0
130418,2469870,2469870_130418,BE1,968,0,0,47,0,0
40632,2469868,2469868_40632,BE1,520,0,0,79,0,0
142929,2469870,2469870_142929,BE1,968,0,0,90,0,0
19892,2469870,2469870_19892,BE1,968,1,0,90,1,0
80840,2469868,2469868_80840,BE1,520,0,0,90,0,0
113872,2469870,2469870_113872,BE1,968,0,0,90,0,0
9638,2469868,2469868_9638,BE1,520,0,0,90,0,0
13111,2469868,2469868_13111,BE1,520,0,0,90,0,0
217776,2469870,2469870_217776,BE1,968,0,0,90,0,0
20306,2469870,2469870_20306,BE1,968,0,0,90,0,0
34382,2469870,2469870_34382,BE1,968,0,1,43,0,0
276507,2469870,2469870_276507,BE1,968,0,0,22,0,0
9647,2469870,2469870_9647,BE1,968,0,0,90,0,0
10267,2469870,2469870_10267,BE1,968,0,0,1,0,0
153067,2469868,2469868_153067,BE1,520,0,0,90,1,0
154169,2460579,2460579_154169,ELQ,3508,0,0,8,1,0
110000,2460579,2460579_110000,ELQ,3508,0,0,7,0,0
110000,2460586,2460586_110000,ELQ,3508,0,0,26,0,0
110000,2479062,2479062_110000,ELQ,3508,0,0,90,0,0
110000,2469873,2469873_110000,BE1,3508,2,0,90,0,0
122694,2460579,2460579_122694,ELQ,3508,0,0,90,0,0
122694,2460586,2460586_122694,ELQ,3508,1,1,90,0,0
122694,2479062,2479062_122694,ELQ,3508,0,0,90,0,0
122694,2469873,2469873_122694,BE1,3508,0,0,84,0,0
49841,2469870,2469870_49841,BE1,498,0,0,90,0,0
49841,2639088,2639088_49841,BESC,498,1,0,90,0,0
30671,2469870,2469870_30671,BE1,498,0,0,63,0,0
30671,2639088,2639088_30671,BESC,498,0,0,86,0,0
207827,2478430,2478430_207827,CLQ,3057,0,0,8,0,0
207827,2469866,2469866_207827,BE1,3057,0,0,13,0,0
52746,2639088,2639088_52746,BESC,498,0,0,12,0,0
13023,2478430,2478430_13023,CLQ,3057,0,0,90,0,0
13023,2469866,2469866_13023,BE1,3057,0,0,89,0,0
216463,2478430,2478430_216463,CLQ,3057,0,0,90,0,0
216463,2469866,2469866_216463,BE1,3057,0,0,90,0,0
42714,2478430,2478430_42714,CLQ,3057,0,0,90,1,0
42714,2469866,2469866_42714,BE1,3057,1,0,77,0,0
45455,2478430,2478430_45455,CLQ,3057,0,0,82,1,0
45455,2469866,2469866_45455,BE1,3057,2,0,90,0,0
194438,2478430,2478430_194438,CLQ,3057,0,0,90,0,0
194438,2469866,2469866_194438,BE1,3057,0,1,90,0,0
110812,2469872,2469872_110812,BE1,58,0,0,21,0,0
110812,2639088,2639088_110812,BESC,58,0,0,5,0,0
66660,2469872,2469872_66660,BE1,58,1,0,25,0,0
66660,2639088,2639088_66660,BESC,58,0,0,45,0,0
51152,2469872,2469872_51152,BE1,58,1,1,90,0,0
51152,2639088,2639088_51152,BESC,58,1,0,45,0,0
77449,2469872,2469872_77449,BE1,58,0,1,65,0,0
157160,2469872,2469872_157160,BE1,58,1,0,90,0,0
77449,2639088,2639088_77449,BESC,58,0,0,85,1,0
157160,2639088,2639088_157160,BESC,58,0,1,90,1,0
33130,2469869,2469869_33130,BE1,2861,0,0,45,0,0
96227,2469871,2469871_96227,BE1,1184,0,1,90,0,0
22339,2469871,2469871_22339,BE1,1184,0,0,90,0,0
208552,2469871,2469871_208552,BE1,1184,0,0,57,0,0
4377,2469871,2469871_4377,BE1,1184,0,0,90,0,0
26797,2469871,2469871_26797,BE1,1184,0,0,90,0,0
183383,2469871,2469871_183383,BE1,1184,0,0,33,0,0
77663,2469871,2469871_77663,BE1,1184,1,0,53,2,0
78507,2469871,2469871_78507,BE1,1184,0,0,90,0,0
33894,2469871,2469871_33894,BE1,1184,0,0,90,0,0
141828,2469871,2469871_141828,BE1,1184,0,0,90,0,0
124884,2469871,2469871_124884,BE1,1184,0,0,90,0,0
99615,2469870,2469870_99615,BE1,498,0,0,90,0,0
99615,2639088,2639088_99615,BESC,498,0,0,90,0,0
150076,2469871,2469871_150076,BE1,1184,0,0,90,0,0
34991,2469869,2469869_34991,BE1,2861,0,0,90,0,0
53238,2460598,2460598_53238,CLQ,713,0,0,70,1,0
53238,2478423,2478423_53238,CLQ,713,0,0,29,0,0
192347,2469869,2469869_192347,BE1,2861,0,0,25,0,0
31245,2469869,2469869_31245,BE1,2861,0,0,45,0,0
22627,2469869,2469869_22627,BE1,2861,0,0,90,0,0
153065,2469869,2469869_153065,BE1,2861,0,0,90,1,0
38356,2469869,2469869_38356,BE1,2861,0,0,65,0,0
118538,2469869,2469869_118538,BE1,2861,0,0,90,0,0
89619,2469869,2469869_89619,BE1,2861,0,0,61,0,0
179896,2469216,2469216_179896,ELQ,447,0,0,90,0,0
179896,2479044,2479044_179896,ELQ,447,0,0,90,0,0
75062,2469869,2469869_75062,BE1,2861,0,0,90,1,0
79972,2469869,2469869_79972,BE1,2861,0,0,90,1,0
168158,2469867,2469867_168158,BE1,2282,0,0,2,0,0
183120,2479066,2479066_183120,ELQ,2282,0,0,18,0,0
183120,2469867,2469867_183120,BE1,2282,0,0,75,0,0
24484,2479066,2479066_24484,ELQ,2282,0,0,72,0,0
24484,2469867,2469867_24484,BE1,2282,0,1,88,0,0
35813,2479066,2479066_35813,ELQ,2282,1,0,88,0,0
35813,2469867,2469867_35813,BE1,2282,0,0,45,0,0
13061,2469869,2469869_13061,BE1,2861,0,0,29,0,0
3441,2479066,2479066_3441,ELQ,2282,0,0,90,0,0
3441,2469867,2469867_3441,BE1,2282,0,0,90,0,0
100986,2479066,2479066_100986,ELQ,2282,0,0,90,0,0
100986,2469867,2469867_100986,BE1,2282,0,1,90,0,0
110668,2479066,2479066_110668,ELQ,2282,0,0,90,0,0
110668,2469867,2469867_110668,BE1,2282,0,0,90,0,0
175323,2479066,2479066_175323,ELQ,2282,1,0,90,0,0
175323,2469867,2469867_175323,BE1,2282,1,0,90,0,0
193469,2479066,2479066_193469,ELQ,2282,0,0,90,0,0
13743,2469869,2469869_13743,BE1,2861,0,0,90,1,0
236168,2469867,2469867_236168,BE1,2282,0,0,90,0,0
55980,2469869,2469869_55980,BE1,2861,0,0,90,0,0
128969,2479066,2479066_128969,ELQ,2282,0,0,90,0,0
128969,2469867,2469867_128969,BE1,2282,0,0,90,0,0
129588,2469872,2469872_129588,BE1,58,0,0,83,0,0
249565,2469872,2469872_249565,BE1,58,0,1,90,0,0
129588,2639088,2639088_129588,BESC,58,0,0,66,0,0
249565,2639088,2639088_249565,BESC,58,0,0,90,0,0
86930,2639088,2639088_86930,BESC,58,0,0,90,0,0
145838,2469872,2469872_145838,BE1,58,0,0,90,0,0
145838,2639088,2639088_145838,BESC,58,0,1,24,0,0
9593,2469872,2469872_9593,BE1,58,0,0,90,0,0
9593,2639088,2639088_9593,BESC,58,0,0,90,0,0
104597,2469872,2469872_104597,BE1,58,0,0,90,0,0
104597,2639088,2639088_104597,BESC,58,0,0,90,0,0
203348,2469872,2469872_203348,BE1,58,0,0,90,1,0
203348,2639088,2639088_203348,BESC,58,0,0,90,0,0
77757,2469872,2469872_77757,BE1,58,0,0,90,0,0
77757,2639088,2639088_77757,BESC,58,0,0,90,0,0
37795,2469866,2469866_37795,BE1,3057,0,0,17,0,0
138679,2469866,2469866_138679,BE1,3057,0,0,73,0,0
94523,2478430,2478430_94523,CLQ,3057,0,0,2,0,0
331840,2469866,2469866_331840,BE1,3057,0,0,1,0,0
110852,2479066,2479066_110852,ELQ,2282,0,0,7,0,0
110852,2469867,2469867_110852,BE1,2282,0,0,45,1,0
4323,2478430,2478430_4323,CLQ,3057,0,0,90,1,0
4323,2469866,2469866_4323,BE1,3057,0,1,90,0,0
110660,2478430,2478430_110660,CLQ,3057,0,0,90,0,0
110660,2469866,2469866_110660,BE1,3057,0,0,90,0,0
59791,2478430,2478430_59791,CLQ,3057,0,0,90,1,0
59791,2469866,2469866_59791,BE1,3057,0,0,90,0,0
22338,2478430,2478430_22338,CLQ,3057,0,0,61,1,0
77383,2478430,2478430_77383,CLQ,3057,0,0,90,0,0
77383,2469866,2469866_77383,BE1,3057,0,0,90,0,0
296681,2469870,2469870_296681,BE1,498,0,0,11,0,0
296681,2639088,2639088_296681,BESC,498,0,0,4,0,0
137576,2469870,2469870_137576,BE1,498,0,0,90,0,0
137576,2639088,2639088_137576,BESC,498,0,0,90,0,0
41128,2469870,2469870_41128,BE1,498,0,0,90,1,0
12974,2469870,2469870_12974,BE1,498,0,0,79,0,0
12974,2639088,2639088_12974,BESC,498,0,0,65,0,0
41128,2639088,2639088_41128,BESC,498,0,0,90,0,0
59641,2469870,2469870_59641,BE1,498,0,0,90,0,0
99637,2469870,2469870_99637,BE1,498,0,0,90,0,0
99637,2639088,2639088_99637,BESC,498,0,0,90,0,0
59641,2639088,2639088_59641,BESC,498,0,1,90,0,0
15338,2479066,2479066_15338,ELQ,2282,0,0,90,1,0
15338,2469867,2469867_15338,BE1,2282,0,0,90,0,0
6666,2469870,2469870_6666,BE1,498,0,0,90,1,0
6666,2639088,2639088_6666,BESC,498,0,0,90,0,0
153582,2469870,2469870_153582,BE1,498,0,0,90,0,0
33480,2469870,2469870_33480,BE1,498,0,0,90,0,0
33480,2639088,2639088_33480,BESC,498,0,0,90,0,0
125868,2478429,2478429_125868,CLQ,1082,0,0,90,0,0
24877,2478430,2478430_24877,CLQ,3057,0,0,88,0,0
24877,2469866,2469866_24877,BE1,3057,0,0,90,0,0
39475,2469872,2469872_39475,BE1,58,0,0,7,0,0
142920,2460586,2460586_142920,ELQ,3508,0,1,17,0,0
142920,2479062,2479062_142920,ELQ,3508,0,0,13,0,0
142920,2469873,2469873_142920,BE1,3508,0,0,2,0,0
33709,2469870,2469870_33709,BE1,498,0,0,27,0,0
33709,2639088,2639088_33709,BESC,498,0,0,13,0,0
138812,2460579,2460579_138812,ELQ,3508,0,0,82,0,0
138812,2460586,2460586_138812,ELQ,3508,0,0,73,0,0
138812,2479062,2479062_138812,ELQ,3508,1,1,90,1,0
94298,2460579,2460579_94298,ELQ,3508,0,0,86,1,0
138812,2469873,2469873_138812,BE1,3508,0,1,88,0,0
94298,2460586,2460586_94298,ELQ,3508,0,0,90,0,0
94298,2479062,2479062_94298,ELQ,3508,0,0,25,0,0
94298,2469873,2469873_94298,BE1,3508,0,0,90,0,0
105337,2460579,2460579_105337,ELQ,3508,0,0,4,0,0
105337,2479062,2479062_105337,ELQ,3508,0,0,77,0,0
105337,2469873,2469873_105337,BE1,3508,0,0,6,0,0
20852,2479066,2479066_20852,ELQ,2282,0,0,2,0,0
9410,2460579,2460579_9410,ELQ,3508,0,0,90,1,0
9410,2460586,2460586_9410,ELQ,3508,1,0,90,0,0
9410,2479062,2479062_9410,ELQ,3508,0,1,90,1,0
9410,2469873,2469873_9410,BE1,3508,0,1,90,0,0
203360,2460579,2460579_203360,ELQ,3508,0,0,90,0,0
203360,2460586,2460586_203360,ELQ,3508,0,0,90,0,0
203360,2469873,2469873_203360,BE1,3508,0,0,90,1,0
6861,2460579,2460579_6861,ELQ,3508,0,0,90,0,0
6861,2460586,2460586_6861,ELQ,3508,0,0,90,0,0
6861,2479062,2479062_6861,ELQ,3508,0,0,90,1,0
6861,2469873,2469873_6861,BE1,3508,0,0,90,0,0
20296,2460579,2460579_20296,ELQ,3508,1,0,90,0,0
20296,2460586,2460586_20296,ELQ,3508,0,0,90,0,0
20296,2479062,2479062_20296,ELQ,3508,0,0,90,1,0
20296,2469873,2469873_20296,BE1,3508,0,0,90,0,0
127191,2460586,2460586_127191,ELQ,3508,0,0,56,0,0
127191,2479062,2479062_127191,ELQ,3508,0,0,24,0,0
127191,2469873,2469873_127191,BE1,3508,0,0,90,0,0
159382,2460579,2460579_159382,ELQ,3508,0,0,90,0,0
159382,2460586,2460586_159382,ELQ,3508,0,0,90,0,0
48064,2479062,2479062_48064,ELQ,3508,0,0,90,0,0
48064,2469873,2469873_48064,BE1,3508,0,0,90,0,0
200789,2479062,2479062_200789,ELQ,3508,0,0,65,0,0
132407,2639088,2639088_132407,BESC,498,0,0,90,0,0
182887,2460579,2460579_182887,ELQ,3508,0,0,90,0,0
182887,2460586,2460586_182887,ELQ,3508,0,0,34,0,0
97166,2469867,2469867_97166,BE1,28643,0,0,90,0,0
182446,2469872,2469872_182446,BE1,29228,0,0,8,0,0
164925,2469872,2469872_164925,BE1,29228,1,0,90,0,0
76055,2478429,2478429_76055,CLQ,1082,0,0,90,0,0
148396,2469872,2469872_148396,BE1,29228,0,0,90,0,0
52209,2469872,2469872_52209,BE1,29228,0,0,61,0,0
190917,2469872,2469872_190917,BE1,29228,0,0,29,0,0
118292,2469872,2469872_118292,BE1,29228,0,0,90,0,0
174285,2469872,2469872_174285,BE1,29228,0,0,82,0,0
126683,2469872,2469872_126683,BE1,29228,0,1,35,0,0
30546,2469872,2469872_30546,BE1,29228,0,0,90,0,0
13078,2469872,2469872_13078,BE1,29228,0,0,90,1,0
127143,2469872,2469872_127143,BE1,29228,0,0,90,0,0
62705,2469872,2469872_62705,BE1,29228,0,0,90,1,0
168471,2469867,2469867_168471,BE1,28643,0,0,26,0,0
111043,2469872,2469872_111043,BE1,29228,0,0,90,0,0
29855,2469867,2469867_29855,BE1,28643,0,0,90,0,0
285656,2469867,2469867_285656,BE1,28643,0,0,3,0,0
18952,2469867,2469867_18952,BE1,28643,0,0,90,0,0
52807,2469867,2469867_52807,BE1,28643,0,0,64,0,0
52811,2469867,2469867_52811,BE1,28643,0,0,90,0,0
38449,2469867,2469867_38449,BE1,28643,0,0,90,0,0
33707,2469867,2469867_33707,BE1,28643,0,0,90,0,0
129597,2469867,2469867_129597,BE1,28643,0,0,15,0,0
154351,2469867,2469867_154351,BE1,28643,0,0,90,0,0
61267,2469867,2469867_61267,BE1,28643,0,0,90,0,0
41163,2469867,2469867_41163,BE1,28643,0,0,87,0,0
197734,2469869,2469869_197734,BE1,204,2,0,90,0,0
236202,2469869,2469869_236202,BE1,204,0,0,90,0,0
320722,2469869,2469869_320722,BE1,204,0,0,90,0,0
303939,2469869,2469869_303939,BE1,204,0,0,90,0,0
40421,2469869,2469869_40421,BE1,204,0,1,89,0,0
297070,2469869,2469869_297070,BE1,204,0,1,90,0,0
31062,2469869,2469869_31062,BE1,204,0,0,90,0,0
111811,2469869,2469869_111811,BE1,204,0,0,90,0,0
95244,2469869,2469869_95244,BE1,204,0,0,1,0,0
181763,2469869,2469869_181763,BE1,204,0,0,90,0,0
30556,2469869,2469869_30556,BE1,204,0,0,90,0,0
99442,2469869,2469869_99442,BE1,204,0,0,90,0,0
38539,2467446,2467446_38539,ELQ,16704,1,0,56,0,0
38539,2479064,2479064_38539,ELQ,16704,1,0,58,0,0
56643,2467446,2467446_56643,ELQ,16704,1,0,34,0,0
56643,2467448,2467448_56643,ELQ,16704,2,1,90,0,0
56643,2479064,2479064_56643,ELQ,16704,0,0,32,0,0
49676,2467448,2467448_49676,ELQ,16704,1,0,90,0,0
72458,2467446,2467446_72458,ELQ,16704,0,0,45,0,0
72458,2467448,2467448_72458,ELQ,16704,1,1,33,0,0
73783,2467446,2467446_73783,ELQ,16704,0,1,90,0,0
72458,2479064,2479064_72458,ELQ,16704,0,1,58,0,0
73783,2467448,2467448_73783,ELQ,16704,1,0,57,0,0
73783,2479064,2479064_73783,ELQ,16704,1,1,90,0,0
81460,2478429,2478429_81460,CLQ,1082,0,0,19,0,0
147043,2479059,2479059_147043,ELQ,452,0,0,78,0,0
111627,2478429,2478429_111627,CLQ,1082,1,1,71,0,0
5348,2478429,2478429_5348,CLQ,1082,0,0,90,0,0
149551,2478429,2478429_149551,CLQ,1082,0,0,80,0,0
164913,2478429,2478429_164913,CLQ,1082,0,0,10,0,0
126665,2478429,2478429_126665,CLQ,1082,0,0,90,0,0
12096,2478429,2478429_12096,CLQ,1082,0,0,90,0,0
161869,2478429,2478429_161869,CLQ,1082,0,0,1,0,0
102744,2478429,2478429_102744,CLQ,1082,1,1,90,0,0
17179,2478429,2478429_17179,CLQ,1082,0,0,90,0,0
48859,2478429,2478429_48859,CLQ,1082,0,0,90,0,0
17348,2478429,2478429_17348,CLQ,1082,0,0,90,0,0
15647,2467446,2467446_15647,ELQ,16704,1,0,45,0,0
15647,2467448,2467448_15647,ELQ,16704,0,0,68,0,0
15647,2479064,2479064_15647,ELQ,16704,1,1,32,0,0
102452,2467446,2467446_102452,ELQ,16704,0,0,69,0,0
102452,2467448,2467448_102452,ELQ,16704,0,0,90,0,0
102452,2479064,2479064_102452,ELQ,16704,1,0,81,0,0
72164,2467446,2467446_72164,ELQ,16704,0,0,21,0,0
72164,2467448,2467448_72164,ELQ,16704,0,0,90,0,0
72164,2479064,2479064_72164,ELQ,16704,0,0,9,0,0
159957,2467446,2467446_159957,ELQ,16704,1,1,90,0,0
159957,2467448,2467448_159957,ELQ,16704,0,0,45,0,0
159957,2479064,2479064_159957,ELQ,16704,0,2,90,0,0
63606,2467446,2467446_63606,ELQ,16704,0,0,90,0,0
63606,2467448,2467448_63606,ELQ,16704,0,2,45,0,0
63606,2479064,2479064_63606,ELQ,16704,1,0,90,0,0
45832,2469873,2469873_45832,BE1,601,0,0,90,0,0
24609,2469867,2469867_24609,BE1,28643,0,0,75,0,0
201311,2460603,2460603_201311,CLQ,496,0,0,69,0,0
201311,2460616,2460616_201311,CLQ,496,1,0,62,0,0
201311,2478421,2478421_201311,CLQ,496,1,0,75,0,0
22067,2469873,2469873_22067,BE1,601,0,0,83,0,0
42737,2469873,2469873_42737,BE1,601,0,0,90,0,0
36045,2469873,2469873_36045,BE1,601,0,0,90,1,0
42704,2469873,2469873_42704,BE1,601,0,0,90,0,0
266487,2469873,2469873_266487,BE1,601,0,0,7,0,0
239802,2469873,2469873_239802,BE1,601,0,0,90,1,0
32387,2469873,2469873_32387,BE1,601,0,0,87,0,0
124180,2469873,2469873_124180,BE1,601,0,0,90,0,0
89030,2469873,2469873_89030,BE1,601,0,0,90,0,0
110082,2469873,2469873_110082,BE1,601,0,0,90,0,0
25856,2467446,2467446_25856,ELQ,16704,0,0,90,0,0
25856,2479064,2479064_25856,ELQ,16704,0,0,90,0,0
102581,2467448,2467448_102581,ELQ,16704,0,0,90,0,0
18532,2469873,2469873_18532,BE1,601,0,0,3,0,0
59352,2467448,2467448_59352,ELQ,16704,0,0,90,0,0
59352,2479064,2479064_59352,ELQ,16704,0,0,90,0,0
42401,2467446,2467446_42401,ELQ,16704,0,1,90,0,0
42401,2479064,2479064_42401,ELQ,16704,0,0,90,0,0
46478,2467446,2467446_46478,ELQ,16704,0,1,90,0,0
46478,2467448,2467448_46478,ELQ,16704,0,0,90,0,0
46478,2479064,2479064_46478,ELQ,16704,0,0,90,0,0
29213,2467446,2467446_29213,ELQ,16704,0,0,90,0,0
25850,2467448,2467448_25850,ELQ,16704,0,0,90,0,0
106196,2467446,2467446_106196,ELQ,16704,0,0,90,0,0
106196,2479064,2479064_106196,ELQ,16704,0,0,90,0,0
287931,2460541,2460541_287931,ELQ,4807,0,0,90,0,0
332612,2479056,2479056_332612,ELQ,2425,0,0,26,0,0
184816,2479056,2479056_184816,ELQ,2425,1,0,90,0,0
55994,2479056,2479056_55994,ELQ,2425,0,0,88,0,0
72643,2479056,2479056_72643,ELQ,2425,0,0,64,0,0
56811,2469868,2469868_56811,BE1,157,0,0,82,0,0
90583,2469868,2469868_90583,BE1,157,0,0,8,0,0
112930,2469868,2469868_112930,BE1,157,0,0,90,0,0
274862,2460580,2460580_274862,ELQ,7918,3,0,90,0,0
274862,2460587,2460587_274862,ELQ,7918,0,0,90,0,0
274862,2479055,2479055_274862,ELQ,7918,0,0,90,0,0
215592,2460580,2460580_215592,ELQ,7918,0,0,21,0,0
4742,2469868,2469868_4742,BE1,157,0,0,45,0,0
215592,2460587,2460587_215592,ELQ,7918,0,0,10,0,0
215592,2479055,2479055_215592,ELQ,7918,0,0,87,1,0
168957,2460580,2460580_168957,ELQ,448,0,0,90,0,0
42735,2469868,2469868_42735,BE1,157,0,0,90,0,0
168957,2460587,2460587_168957,ELQ,448,0,0,90,0,0
159098,2469868,2469868_159098,BE1,157,0,0,90,0,0
131740,2469868,2469868_131740,BE1,157,0,0,45,1,0
14274,2478426,2478426_14274,CLQ,786,0,0,90,1,0
150846,2460503,2460503_150846,ELQ,4807,0,0,67,0,0
150846,2460541,2460541_150846,ELQ,4807,0,0,45,0,0
215114,2469868,2469868_215114,BE1,157,0,0,90,0,0
13483,2469868,2469868_13483,BE1,157,0,0,45,0,0
18759,2469868,2469868_18759,BE1,157,0,0,45,0,0
47459,2469868,2469868_47459,BE1,157,0,0,90,0,0
125745,2469868,2469868_125745,BE1,157,0,0,90,0,0
127202,2469868,2469868_127202,BE1,157,0,0,90,0,0
339559,2479518,2479518_339559,POCP,2421,0,0,90,1,0
131933,2479056,2479056_131933,ELQ,2425,0,0,15,1,0
64371,2479056,2479056_64371,ELQ,2425,0,0,90,0,0
34077,2479056,2479056_34077,ELQ,2425,0,0,90,0,0
75116,2479056,2479056_75116,ELQ,2425,0,1,90,0,0
63293,2479056,2479056_63293,ELQ,2425,0,0,90,1,0
14263,2479056,2479056_14263,ELQ,2425,0,0,2,0,0
171410,2479056,2479056_171410,ELQ,2425,0,0,90,0,0
190185,2479056,2479056_190185,ELQ,2425,0,0,90,0,0
53841,2479056,2479056_53841,ELQ,2425,0,0,90,0,0
193217,2460607,2460607_193217,CLQ,4641,0,0,90,0,0
193217,2460621,2460621_193217,CLQ,4641,0,0,90,0,0
134371,2460579,2460579_134371,ELQ,7153,0,0,90,0,0
134371,2460586,2460586_134371,ELQ,7153,0,0,58,0,0
281831,2460577,2460577_281831,ELQ,7769,0,0,15,0,0
281831,2460584,2460584_281831,ELQ,7769,0,0,5,0,0
281831,2479057,2479057_281831,ELQ,7769,0,0,14,0,0
85763,2479511,2479511_85763,POCP,1436,0,0,90,0,0
85763,2479517,2479517_85763,POCP,1436,0,0,90,1,0
126542,2479054,2479054_126542,ELQ,1041,2,0,70,0,0
93720,2479054,2479054_93720,ELQ,1041,0,0,90,0,0
187847,2479054,2479054_187847,ELQ,1041,0,0,20,0,0
203496,2479054,2479054_203496,ELQ,1041,0,0,26,0,0
3569,2479054,2479054_3569,ELQ,1041,0,0,64,0,0
118284,2479054,2479054_118284,ELQ,1041,0,0,90,0,0
20622,2479054,2479054_20622,ELQ,1041,0,1,90,0,0
60542,2479054,2479054_60542,ELQ,1041,1,0,90,1,0
6803,2479054,2479054_6803,ELQ,1041,0,0,19,0,0
28335,2479054,2479054_28335,ELQ,1041,0,0,90,0,0
24661,2479054,2479054_24661,ELQ,1041,0,0,90,0,0
57186,2479054,2479054_57186,ELQ,1041,0,0,71,0,0
126540,2479054,2479054_126540,ELQ,1041,1,1,90,0,0
60561,2479054,2479054_60561,ELQ,1041,0,0,90,0,0
38960,2469868,2469868_38960,BE1,157,0,0,90,0,0
53418,2478425,2478425_53418,CLQ,409,0,0,90,1,0
292775,2479507,2479507_292775,POCP,3345,0,0,90,1,0
292775,2479514,2479514_292775,POCP,3345,1,0,72,0,0
